"","Lenti-C_3 hour_Expt I","Lenti-C_3 hour_Expt II","Lenti-C_3 hour_Expt III","Lenti-C_13C_1 hour_Expt I","Lenti-C_13C_1 hour_Expt II","Lenti-C_13C_1 hour_Expt III","Lenti-SC_3 hour_Expt I","Lenti-SC_3 hour_Expt II","Lenti-SC_3 hour_Expt III","Lenti-SC_13C_1 hour_Expt I","Lenti-SC_13C_1 hour_Expt II","Lenti-SC_13C_1 hour_Expt III"
"Alanine_C0",0,-5.469e-05,0,0,0,0,0,0,0,0,0,0
"Alanine_C1",8.9e-07,Inf,8e-07,0,0,0,0,7.3e-07,3.7e-07,0,0,0
"Alanine_C2",-0.00011346,-0.0144006,-0.00011446,0,0,0,0,-0.0001146,-0.00011648,0,0,0
"Alanine_C3",Inf,Inf,Inf,0,0,0,0,-Inf,Inf,0,0,0
