"","Lenti-C_3 hour_Expt I","Lenti-C_3 hour_Expt II","Lenti-C_3 hour_Expt III","Lenti-C_13C_1 hour_Expt I","Lenti-C_13C_1 hour_Expt II","Lenti-C_13C_1 hour_Expt III","Lenti-SC_3 hour_Expt I","Lenti-SC_3 hour_Expt II","Lenti-SC_3 hour_Expt III","Lenti-SC_13C_1 hour_Expt I","Lenti-SC_13C_1 hour_Expt II","Lenti-SC_13C_1 hour_Expt III"
"Alanine_C0",0,-5.452e-05,0,0,0,0,0,0,0,0,0,0
"Alanine_C1",2e-08,0.00168113,2e-08,0,0,0,0,1e-08,2e-08,0,0,0
"Alanine_C2",-2.06e-06,-6.912e-05,-1.6e-06,0,0,0,0,-8.8e-07,-1.82e-06,0,0,0
"Alanine_C3",0.00019027,5.055e-05,0.00014763,0,0,0,0,8.164e-05,0.00016782,0,0,0
