"","Lenti-C_3 hour_Expt I","Lenti-C_3 hour_Expt II","Lenti-C_3 hour_Expt III","Lenti-C_13C_1 hour_Expt I","Lenti-C_13C_1 hour_Expt II","Lenti-C_13C_1 hour_Expt III","Lenti-SC_3 hour_Expt I","Lenti-SC_3 hour_Expt II","Lenti-SC_3 hour_Expt III","Lenti-SC_13C_1 hour_Expt I","Lenti-SC_13C_1 hour_Expt II","Lenti-SC_13C_1 hour_Expt III"
"G1p_C0",-2e-08,-0.00026576,-2e-08,-2e-08,-6e-08,-4e-08,-2e-08,-1e-08,-0.00043159,-1e-08,-5e-08,-6e-08
"G1p_C1",4.474e-05,-Inf,3.359e-05,3.105e-05,2.995e-05,4.14e-05,0.0001675,4.654e-05,-Inf,6.452e-05,5.448e-05,7.917e-05
"G1p_C2",-0.0018328,-0.01190956,-0.00185224,-0.00252364,-0.00224588,-0.0019631,-0.00178172,-0.00185458,-0.01902158,-0.00190427,-0.0019902,-0.00202318
"G1p_C3",-Inf,-Inf,-Inf,Inf,Inf,Inf,-Inf,Inf,-Inf,Inf,Inf,Inf
"G1p_C4",Inf,Inf,Inf,Inf,Inf,Inf,Inf,Inf,Inf,Inf,Inf,Inf
"G1p_C5",Inf,-Inf,-Inf,Inf,Inf,Inf,Inf,-Inf,-Inf,Inf,Inf,Inf
"G1p_C6",-0.01336766,-0.01335718,-0.01338513,-0.01331692,-0.01331703,-0.0133176,-0.01339348,-0.01334625,-0.01336602,-0.01331859,-0.01331736,-0.01331722
