"","Lenti-C_3 hour_Expt I","Lenti-C_3 hour_Expt II","Lenti-C_3 hour_Expt III","Lenti-C_13C_1 hour_Expt I","Lenti-C_13C_1 hour_Expt II","Lenti-C_13C_1 hour_Expt III","Lenti-SC_3 hour_Expt I","Lenti-SC_3 hour_Expt II","Lenti-SC_3 hour_Expt III","Lenti-SC_13C_1 hour_Expt I","Lenti-SC_13C_1 hour_Expt II","Lenti-SC_13C_1 hour_Expt III"
"Citr_C0",0,0,0,0,0,0,0,0,0,0,0,0
"Citr_C1",0,0,0,0,0,0,0,0,0,0,0,0
"Citr_C2",0,0,0,0,0,0,0,0,0,0,0,0
"Citr_C3",0,2e-08,0,0,0,0,0,0,0,0,0,0
"Citr_C4",0,-1.02e-06,0,0,0,0,0,0,0,0,0,0
"Citr_C5",-3e-08,4.702e-05,0,0,0,0,0,0,0,0,0,0
"Citr_C6",2.61e-06,-5.75e-06,0,0,0,0,0,0,0,0,0,0
