"","Lenti-C_3 hour_Expt I","Lenti-C_3 hour_Expt II","Lenti-C_3 hour_Expt III","Lenti-C_13C_1 hour_Expt I","Lenti-C_13C_1 hour_Expt II","Lenti-C_13C_1 hour_Expt III","Lenti-SC_3 hour_Expt I","Lenti-SC_3 hour_Expt II","Lenti-SC_3 hour_Expt III","Lenti-SC_13C_1 hour_Expt I","Lenti-SC_13C_1 hour_Expt II","Lenti-SC_13C_1 hour_Expt III"
"Citr_C0",0,0,0,0,0,0,0,0,0,0,0,0
"Citr_C1",0,0,0,0,0,0,0,0,0,0,0,0
"Citr_C2",0,0,0,0,0,0,0,0,0,0,0,0
"Citr_C3",0,4.994e-05,0,0,0,0,0,0,0,0,0,0
"Citr_C4",0,-0.00109644,0,0,0,0,0,0,0,0,0,0
"Citr_C5",-0.00011363,Inf,0,0,0,0,0,0,0,0,0,0
"Citr_C6",Inf,-0.02177206,0,0,0,0,0,0,0,0,0,0
