"","Lenti-C_3 hour_Expt I","Lenti-C_3 hour_Expt II","Lenti-C_3 hour_Expt III","Lenti-C_13C_1 hour_Expt I","Lenti-C_13C_1 hour_Expt II","Lenti-C_13C_1 hour_Expt III","Lenti-SC_3 hour_Expt I","Lenti-SC_3 hour_Expt II","Lenti-SC_3 hour_Expt III","Lenti-SC_13C_1 hour_Expt I","Lenti-SC_13C_1 hour_Expt II","Lenti-SC_13C_1 hour_Expt III"
"mala_C0",0,0,0,0,0,0,0,0,0,0,0,0
"mala_C1",0,0,0,0,0,0,4.2e-07,0,0,0,0,0
"mala_C2",0,0,0,0,0,0,-3.078e-05,0,0,0,0,0
"mala_C3",0,0,0,0,0,0,Inf,0,0,0,0,0
"mala_C4",0,0,0,0,0,0,-0.00053071,0,0,0,0,0
