"","Lenti-C_3 hour_Expt I","Lenti-C_3 hour_Expt II","Lenti-C_3 hour_Expt III","Lenti-C_13C_1 hour_Expt I","Lenti-C_13C_1 hour_Expt II","Lenti-C_13C_1 hour_Expt III","Lenti-SC_3 hour_Expt I","Lenti-SC_3 hour_Expt II","Lenti-SC_3 hour_Expt III","Lenti-SC_13C_1 hour_Expt I","Lenti-SC_13C_1 hour_Expt II","Lenti-SC_13C_1 hour_Expt III"
"mala_C0",0,0,0,0,0,0,0,0,0,0,0,0
"mala_C1",0,0,0,0,0,0,1e-08,0,0,0,0,0
"mala_C2",0,0,0,0,0,0,-5.3e-07,0,0,0,0,0
"mala_C3",0,0,0,0,0,0,2.469e-05,0,0,0,0,0
"mala_C4",0,0,0,0,0,0,-2.01e-06,0,0,0,0,0
