"","Lenti-C_3 hour_Expt I","Lenti-C_3 hour_Expt II","Lenti-C_3 hour_Expt III","Lenti-C_13C_1 hour_Expt I","Lenti-C_13C_1 hour_Expt II","Lenti-C_13C_1 hour_Expt III","Lenti-SC_3 hour_Expt I","Lenti-SC_3 hour_Expt II","Lenti-SC_3 hour_Expt III","Lenti-SC_13C_1 hour_Expt I","Lenti-SC_13C_1 hour_Expt II","Lenti-SC_13C_1 hour_Expt III"
"G3p_C0",0,0,0,0,0,0,0,0,0,0,0,0
"G3p_C1",3.96e-06,0,0,0,0,0,0,0,1.87e-06,0,0,0
"G3p_C2",-0.00011203,0,0,0,0,0,0,0,-0.00011218,0,0,0
"G3p_C3",Inf,0,0,0,0,0,0,0,Inf,0,0,0
