"","Lenti-C_3 hour_Expt I","Lenti-C_3 hour_Expt II","Lenti-C_3 hour_Expt III","Lenti-C_13C_1 hour_Expt I","Lenti-C_13C_1 hour_Expt II","Lenti-C_13C_1 hour_Expt III","Lenti-SC_3 hour_Expt I","Lenti-SC_3 hour_Expt II","Lenti-SC_3 hour_Expt III","Lenti-SC_13C_1 hour_Expt I","Lenti-SC_13C_1 hour_Expt II","Lenti-SC_13C_1 hour_Expt III"
"G3p_C0",0,0,0,0,0,0,0,0,0,0,0,0
"G3p_C1",4e-08,0,0,0,0,0,0,0,9e-08,0,0,0
"G3p_C2",-3.77e-06,0,0,0,0,0,0,0,-7.88e-06,0,0,0
"G3p_C3",0.00034812,0,0,0,0,0,0,0,0.00072832,0,0,0
