"","Lenti-C_3 hour_Expt I","Lenti-C_3 hour_Expt II","Lenti-C_3 hour_Expt III","Lenti-C_13C_1 hour_Expt I","Lenti-C_13C_1 hour_Expt II","Lenti-C_13C_1 hour_Expt III","Lenti-SC_3 hour_Expt I","Lenti-SC_3 hour_Expt II","Lenti-SC_3 hour_Expt III","Lenti-SC_13C_1 hour_Expt I","Lenti-SC_13C_1 hour_Expt II","Lenti-SC_13C_1 hour_Expt III"
"Aspartate_C0",0,-0.0001895,0,0,-0.00028812,0,0,0,0,0,0,0
"Aspartate_C1",0,0.00438301,0,0,0.00666405,0,0,0,0,0,0,0
"Aspartate_C2",0,-0.00017882,0,0,-0.00027188,0,0,0,0,0,0,0
"Aspartate_C3",0,5.39e-06,0,0,8.32e-06,0,0,0,0,0,0,0
"Aspartate_C4",0,7.3e-06,0,0,-2.3e-07,0,0,0,0,0,0,0
