"","Lenti-C_3 hour_Expt I","Lenti-C_3 hour_Expt II","Lenti-C_3 hour_Expt III","Lenti-C_13C_1 hour_Expt I","Lenti-C_13C_1 hour_Expt II","Lenti-C_13C_1 hour_Expt III","Lenti-SC_3 hour_Expt I","Lenti-SC_3 hour_Expt II","Lenti-SC_3 hour_Expt III","Lenti-SC_13C_1 hour_Expt I","Lenti-SC_13C_1 hour_Expt II","Lenti-SC_13C_1 hour_Expt III"
"Aspartate_C0",0,-0.0001901,0,0,-0.00031201,0,0,0,0,0,0,0
"Aspartate_C1",0,Inf,0,0,-Inf,0,0,0,0,0,0,0
"Aspartate_C2",0,-0.02737122,0,0,-0.00438259,0,0,0,0,0,0,0
"Aspartate_C3",0,0.00826054,0,0,0.00068558,0,0,0,0,0,0,0
"Aspartate_C4",0,Inf,0,0,-2.701e-05,0,0,0,0,0,0,0
