"","Lenti-C_3 hour_Expt I","Lenti-C_3 hour_Expt II","Lenti-C_3 hour_Expt III","Lenti-C_13C_1 hour_Expt I","Lenti-C_13C_1 hour_Expt II","Lenti-C_13C_1 hour_Expt III","Lenti-SC_3 hour_Expt I","Lenti-SC_3 hour_Expt II","Lenti-SC_3 hour_Expt III","Lenti-SC_13C_1 hour_Expt I","Lenti-SC_13C_1 hour_Expt II","Lenti-SC_13C_1 hour_Expt III"
"R5P_C0",0,0,0,0,0,0,0,0,0,0,0,0
"R5P_C1",0,0,0,-6e-08,0,0,0,0,0,-3e-08,0,-1.1e-07
"R5P_C2",0,0,0,4.38e-06,0,0,0,0,0,2.14e-06,0,7.44e-06
"R5P_C3",0,0,0,-0.00027024,0,0,1e-08,0,0,-0.00013215,0,-0.00045842
"R5P_C4",0,0,0,0.01249999,0,0,-9.5e-07,0,0,0.0061127,0,0.02120407
"R5P_C5",0,0,0,-0.00127438,0,0,8.771e-05,0,0,-0.00062319,0,-0.00216177
