"","Lenti-C_3 hour_Expt I","Lenti-C_3 hour_Expt II","Lenti-C_3 hour_Expt III","Lenti-C_13C_1 hour_Expt I","Lenti-C_13C_1 hour_Expt II","Lenti-C_13C_1 hour_Expt III","Lenti-SC_3 hour_Expt I","Lenti-SC_3 hour_Expt II","Lenti-SC_3 hour_Expt III","Lenti-SC_13C_1 hour_Expt I","Lenti-SC_13C_1 hour_Expt II","Lenti-SC_13C_1 hour_Expt III"
"R5P_C0",0,0,0,0,0,0,0,0,0,0,0,0
"R5P_C1",0,0,0,-3.7e-07,0,0,0,0,0,-2e-07,0,-6.1e-07
"R5P_C2",0,0,0,5.721e-05,0,0,0,0,0,2.528e-05,0,0.00010751
"R5P_C3",0,0,0,-0.00477055,0,0,1.14e-06,0,0,-0.00219644,0,-0.01040934
"R5P_C4",0,0,0,Inf,0,0,-0.00010812,0,0,Inf,0,-Inf
"R5P_C5",0,0,0,-0.00463879,0,0,Inf,0,0,-0.00232747,0,-0.00582576
