Replicate Name,Molecule List,Molecule,Isotope Label Type,Explicit Retention Time,Average Measured Retention Time,Total Area MS1,Max Height
Lenti-C_3 hour_Expt I_10-25-2023_R-E4_14792,Alanine,Alanine (M+0),light,1.43,1.43,307,253
Lenti-C_3 hour_Expt II_10-25-2023_R-E5_14776,Alanine,Alanine (M+0),light,1.43,1.43,255,194
Lenti-C_3 hour_Expt III_10-25-2023_R-E6_14794,Alanine,Alanine (M+0),light,1.43,1.43,241,181
Lenti-C_13C_1 hour_Expt I_10-24-2023_R-C6_14764,Alanine,Alanine (M+0),light,1.43,1.43,846,825
Lenti-C_13C_1 hour_Expt II_10-24-2023_R-D3_14757,Alanine,Alanine (M+0),light,1.43,1.43,337,327
Lenti-C_13C_1 hour_Expt III_10-25-2023_R-D9_14800,Alanine,Alanine (M+0),light,1.43,1.43,542,231
Lenti-SC_3 hour_Expt I_10-25-2023_R-E1_14782,Alanine,Alanine (M+0),light,1.43,1.43,651,234
Lenti-SC_3 hour_Expt II_10-25-2023_R-E2_14786,Alanine,Alanine (M+0),light,1.43,1.43,717,298
Lenti-SC_13C_1 hour_Expt II_10-24-2023_R-B3_14774,Alanine,Alanine (M+0),light,1.43,1.43,2384,746
Lenti-SC_13C_1 hour_Expt III_10-25-2023_R-B9_14783,Alanine,Alanine (M+0),light,1.43,1.43,1412,776
Lenti-SC_3 hour_Expt III_10-25-2023_R-E3_14778,Alanine,Alanine (M+0),light,1.43,1.43,85,165
Lenti-SC_13C_1 hour_Expt I_10-25-2023_R-A6_14784,Alanine,Alanine (M+0),light,1.43,1.43,583,238
Lenti-C_3 hour_Expt I_10-25-2023_R-E4_14792,Alanine,Alanine (M+1),heavy,1.43,1.43,83,84
Lenti-C_3 hour_Expt II_10-25-2023_R-E5_14776,Alanine,Alanine (M+1),heavy,1.43,1.43,16,16
Lenti-C_3 hour_Expt III_10-25-2023_R-E6_14794,Alanine,Alanine (M+1),heavy,1.43,1.43,23,16
Lenti-C_13C_1 hour_Expt I_10-24-2023_R-C6_14764,Alanine,Alanine (M+1),heavy,1.43,1.43,196,169
Lenti-C_13C_1 hour_Expt II_10-24-2023_R-D3_14757,Alanine,Alanine (M+1),heavy,1.43,1.43,17,36
Lenti-C_13C_1 hour_Expt III_10-25-2023_R-D9_14800,Alanine,Alanine (M+1),heavy,1.43,1.43,468,233
Lenti-SC_3 hour_Expt I_10-25-2023_R-E1_14782,Alanine,Alanine (M+1),heavy,1.43,1.43,235,209
Lenti-SC_3 hour_Expt II_10-25-2023_R-E2_14786,Alanine,Alanine (M+1),heavy,1.43,1.43,0,0
Lenti-SC_13C_1 hour_Expt II_10-24-2023_R-B3_14774,Alanine,Alanine (M+1),heavy,1.43,1.43,555,182
Lenti-SC_13C_1 hour_Expt III_10-25-2023_R-B9_14783,Alanine,Alanine (M+1),heavy,1.43,1.43,695,300
Lenti-SC_3 hour_Expt III_10-25-2023_R-E3_14778,Alanine,Alanine (M+1),heavy,1.43,1.43,0,0
Lenti-SC_13C_1 hour_Expt I_10-25-2023_R-A6_14784,Alanine,Alanine (M+1),heavy,1.43,1.43,145,138
Lenti-C_3 hour_Expt I_10-25-2023_R-E4_14792,Alanine,Alanine (M+2),heavy,1.43,1.4,159,127
Lenti-C_3 hour_Expt II_10-25-2023_R-E5_14776,Alanine,Alanine (M+2),heavy,1.43,1.4,80,78
Lenti-C_3 hour_Expt III_10-25-2023_R-E6_14794,Alanine,Alanine (M+2),heavy,1.43,1.4,8,13
Lenti-C_13C_1 hour_Expt I_10-24-2023_R-C6_14764,Alanine,Alanine (M+2),heavy,1.43,1.4,25,38
Lenti-C_13C_1 hour_Expt II_10-24-2023_R-D3_14757,Alanine,Alanine (M+2),heavy,1.43,1.4,130,129
Lenti-C_13C_1 hour_Expt III_10-25-2023_R-D9_14800,Alanine,Alanine (M+2),heavy,1.43,1.4,62,112
Lenti-SC_3 hour_Expt I_10-25-2023_R-E1_14782,Alanine,Alanine (M+2),heavy,1.43,1.4,105,152
Lenti-SC_3 hour_Expt II_10-25-2023_R-E2_14786,Alanine,Alanine (M+2),heavy,1.43,1.4,73,48
Lenti-SC_13C_1 hour_Expt II_10-24-2023_R-B3_14774,Alanine,Alanine (M+2),heavy,1.43,1.4,161,80
Lenti-SC_13C_1 hour_Expt III_10-25-2023_R-B9_14783,Alanine,Alanine (M+2),heavy,1.43,1.4,75,123
Lenti-SC_3 hour_Expt III_10-25-2023_R-E3_14778,Alanine,Alanine (M+2),heavy,1.43,1.4,211,136
Lenti-SC_13C_1 hour_Expt I_10-25-2023_R-A6_14784,Alanine,Alanine (M+2),heavy,1.43,1.4,323,337
Lenti-C_3 hour_Expt I_10-25-2023_R-E4_14792,Alanine,Alanine (M+3),heavy,1.43,1.42,26,44
Lenti-C_3 hour_Expt II_10-25-2023_R-E5_14776,Alanine,Alanine (M+3),heavy,1.43,1.42,71,97
Lenti-C_3 hour_Expt III_10-25-2023_R-E6_14794,Alanine,Alanine (M+3),heavy,1.43,1.42,0,0
Lenti-C_13C_1 hour_Expt I_10-24-2023_R-C6_14764,Alanine,Alanine (M+3),heavy,1.43,1.42,35,31
Lenti-C_13C_1 hour_Expt II_10-24-2023_R-D3_14757,Alanine,Alanine (M+3),heavy,1.43,1.42,8,14
Lenti-C_13C_1 hour_Expt III_10-25-2023_R-D9_14800,Alanine,Alanine (M+3),heavy,1.43,1.42,0,0
Lenti-SC_3 hour_Expt I_10-25-2023_R-E1_14782,Alanine,Alanine (M+3),heavy,1.43,1.42,64,52
Lenti-SC_3 hour_Expt II_10-25-2023_R-E2_14786,Alanine,Alanine (M+3),heavy,1.43,1.42,274,317
Lenti-SC_13C_1 hour_Expt II_10-24-2023_R-B3_14774,Alanine,Alanine (M+3),heavy,1.43,1.42,16,16
Lenti-SC_13C_1 hour_Expt III_10-25-2023_R-B9_14783,Alanine,Alanine (M+3),heavy,1.43,1.42,0,0
Lenti-SC_3 hour_Expt III_10-25-2023_R-E3_14778,Alanine,Alanine (M+3),heavy,1.43,1.42,40,94
Lenti-SC_13C_1 hour_Expt I_10-25-2023_R-A6_14784,Alanine,Alanine (M+3),heavy,1.43,1.42,41,30
Lenti-C_3 hour_Expt I_10-25-2023_R-E4_14792,Arginine,Arginine (M+0),light,1.21,1.22,714186,345562
Lenti-C_3 hour_Expt II_10-25-2023_R-E5_14776,Arginine,Arginine (M+0),light,1.21,1.22,751900,267157
Lenti-C_3 hour_Expt III_10-25-2023_R-E6_14794,Arginine,Arginine (M+0),light,1.21,1.22,752593,279725
Lenti-C_13C_1 hour_Expt I_10-24-2023_R-C6_14764,Arginine,Arginine (M+0),light,1.21,1.22,401705,148982
Lenti-C_13C_1 hour_Expt II_10-24-2023_R-D3_14757,Arginine,Arginine (M+0),light,1.21,1.22,671128,296461
Lenti-C_13C_1 hour_Expt III_10-25-2023_R-D9_14800,Arginine,Arginine (M+0),light,1.21,1.22,535569,216039
Lenti-SC_3 hour_Expt I_10-25-2023_R-E1_14782,Arginine,Arginine (M+0),light,1.21,1.22,791931,335230
Lenti-SC_3 hour_Expt II_10-25-2023_R-E2_14786,Arginine,Arginine (M+0),light,1.21,1.22,950507,359268
Lenti-SC_13C_1 hour_Expt II_10-24-2023_R-B3_14774,Arginine,Arginine (M+0),light,1.21,1.22,573082,215050
Lenti-SC_13C_1 hour_Expt III_10-25-2023_R-B9_14783,Arginine,Arginine (M+0),light,1.21,1.22,729613,266086
Lenti-SC_3 hour_Expt III_10-25-2023_R-E3_14778,Arginine,Arginine (M+0),light,1.21,1.22,984262,367903
Lenti-SC_13C_1 hour_Expt I_10-25-2023_R-A6_14784,Arginine,Arginine (M+0),light,1.21,1.22,821649,329744
Lenti-C_3 hour_Expt I_10-25-2023_R-E4_14792,Arginine,Arginine (M+1),heavy,1.21,1.22,54970,28319
Lenti-C_3 hour_Expt II_10-25-2023_R-E5_14776,Arginine,Arginine (M+1),heavy,1.21,1.22,55151,21042
Lenti-C_3 hour_Expt III_10-25-2023_R-E6_14794,Arginine,Arginine (M+1),heavy,1.21,1.22,58010,19959
Lenti-C_13C_1 hour_Expt I_10-24-2023_R-C6_14764,Arginine,Arginine (M+1),heavy,1.21,1.22,43050,14629
Lenti-C_13C_1 hour_Expt II_10-24-2023_R-D3_14757,Arginine,Arginine (M+1),heavy,1.21,1.22,45109,19191
Lenti-C_13C_1 hour_Expt III_10-25-2023_R-D9_14800,Arginine,Arginine (M+1),heavy,1.21,1.22,37242,14147
Lenti-SC_3 hour_Expt I_10-25-2023_R-E1_14782,Arginine,Arginine (M+1),heavy,1.21,1.22,56154,24365
Lenti-SC_3 hour_Expt II_10-25-2023_R-E2_14786,Arginine,Arginine (M+1),heavy,1.21,1.22,66449,24338
Lenti-SC_13C_1 hour_Expt II_10-24-2023_R-B3_14774,Arginine,Arginine (M+1),heavy,1.21,1.22,46149,17126
Lenti-SC_13C_1 hour_Expt III_10-25-2023_R-B9_14783,Arginine,Arginine (M+1),heavy,1.21,1.22,52529,19642
Lenti-SC_3 hour_Expt III_10-25-2023_R-E3_14778,Arginine,Arginine (M+1),heavy,1.21,1.22,69096,25996
Lenti-SC_13C_1 hour_Expt I_10-25-2023_R-A6_14784,Arginine,Arginine (M+1),heavy,1.21,1.22,57314,22292
Lenti-C_3 hour_Expt I_10-25-2023_R-E4_14792,Arginine,Arginine (M+2),heavy,1.21,1.22,3266,1405
Lenti-C_3 hour_Expt II_10-25-2023_R-E5_14776,Arginine,Arginine (M+2),heavy,1.21,1.22,3263,1537
Lenti-C_3 hour_Expt III_10-25-2023_R-E6_14794,Arginine,Arginine (M+2),heavy,1.21,1.22,1933,936
Lenti-C_13C_1 hour_Expt I_10-24-2023_R-C6_14764,Arginine,Arginine (M+2),heavy,1.21,1.22,1859,1513
Lenti-C_13C_1 hour_Expt II_10-24-2023_R-D3_14757,Arginine,Arginine (M+2),heavy,1.21,1.22,2871,1674
Lenti-C_13C_1 hour_Expt III_10-25-2023_R-D9_14800,Arginine,Arginine (M+2),heavy,1.21,1.22,485,234
Lenti-SC_3 hour_Expt I_10-25-2023_R-E1_14782,Arginine,Arginine (M+2),heavy,1.21,1.22,3394,1135
Lenti-SC_3 hour_Expt II_10-25-2023_R-E2_14786,Arginine,Arginine (M+2),heavy,1.21,1.22,4819,2098
Lenti-SC_13C_1 hour_Expt II_10-24-2023_R-B3_14774,Arginine,Arginine (M+2),heavy,1.21,1.22,3744,1116
Lenti-SC_13C_1 hour_Expt III_10-25-2023_R-B9_14783,Arginine,Arginine (M+2),heavy,1.21,1.22,4280,2225
Lenti-SC_3 hour_Expt III_10-25-2023_R-E3_14778,Arginine,Arginine (M+2),heavy,1.21,1.22,5161,2181
Lenti-SC_13C_1 hour_Expt I_10-25-2023_R-A6_14784,Arginine,Arginine (M+2),heavy,1.21,1.22,4467,1361
Lenti-C_3 hour_Expt I_10-25-2023_R-E4_14792,Arginine,Arginine (M+3),heavy,1.21,1.2,111,92
Lenti-C_3 hour_Expt II_10-25-2023_R-E5_14776,Arginine,Arginine (M+3),heavy,1.21,1.2,405,204
Lenti-C_3 hour_Expt III_10-25-2023_R-E6_14794,Arginine,Arginine (M+3),heavy,1.21,1.2,458,349
Lenti-C_13C_1 hour_Expt I_10-24-2023_R-C6_14764,Arginine,Arginine (M+3),heavy,1.21,1.2,216,166
Lenti-C_13C_1 hour_Expt II_10-24-2023_R-D3_14757,Arginine,Arginine (M+3),heavy,1.21,1.2,277,202
Lenti-C_13C_1 hour_Expt III_10-25-2023_R-D9_14800,Arginine,Arginine (M+3),heavy,1.21,1.2,238,218
Lenti-SC_3 hour_Expt I_10-25-2023_R-E1_14782,Arginine,Arginine (M+3),heavy,1.21,1.2,660,224
Lenti-SC_3 hour_Expt II_10-25-2023_R-E2_14786,Arginine,Arginine (M+3),heavy,1.21,1.2,48,48
Lenti-SC_13C_1 hour_Expt II_10-24-2023_R-B3_14774,Arginine,Arginine (M+3),heavy,1.21,1.2,133,160
Lenti-SC_13C_1 hour_Expt III_10-25-2023_R-B9_14783,Arginine,Arginine (M+3),heavy,1.21,1.2,119,72
Lenti-SC_3 hour_Expt III_10-25-2023_R-E3_14778,Arginine,Arginine (M+3),heavy,1.21,1.2,215,170
Lenti-SC_13C_1 hour_Expt I_10-25-2023_R-A6_14784,Arginine,Arginine (M+3),heavy,1.21,1.2,567,273
Lenti-C_3 hour_Expt I_10-25-2023_R-E4_14792,Arginine,Arginine (M+4),heavy,1.21,1.2,35,29
Lenti-C_3 hour_Expt II_10-25-2023_R-E5_14776,Arginine,Arginine (M+4),heavy,1.21,1.2,64,49
Lenti-C_3 hour_Expt III_10-25-2023_R-E6_14794,Arginine,Arginine (M+4),heavy,1.21,1.2,113,78
Lenti-C_13C_1 hour_Expt I_10-24-2023_R-C6_14764,Arginine,Arginine (M+4),heavy,1.21,1.2,20,22
Lenti-C_13C_1 hour_Expt II_10-24-2023_R-D3_14757,Arginine,Arginine (M+4),heavy,1.21,1.2,195,213
Lenti-C_13C_1 hour_Expt III_10-25-2023_R-D9_14800,Arginine,Arginine (M+4),heavy,1.21,1.2,0,2
Lenti-SC_3 hour_Expt I_10-25-2023_R-E1_14782,Arginine,Arginine (M+4),heavy,1.21,1.2,324,245
Lenti-SC_3 hour_Expt II_10-25-2023_R-E2_14786,Arginine,Arginine (M+4),heavy,1.21,1.2,19,17
Lenti-SC_13C_1 hour_Expt II_10-24-2023_R-B3_14774,Arginine,Arginine (M+4),heavy,1.21,1.2,152,142
Lenti-SC_13C_1 hour_Expt III_10-25-2023_R-B9_14783,Arginine,Arginine (M+4),heavy,1.21,1.2,28,39
Lenti-SC_3 hour_Expt III_10-25-2023_R-E3_14778,Arginine,Arginine (M+4),heavy,1.21,1.2,0,0
Lenti-SC_13C_1 hour_Expt I_10-25-2023_R-A6_14784,Arginine,Arginine (M+4),heavy,1.21,1.2,154,195
Lenti-C_3 hour_Expt I_10-25-2023_R-E4_14792,Arginine,Arginine (M+5),heavy,1.21,1.2,559,519
Lenti-C_3 hour_Expt II_10-25-2023_R-E5_14776,Arginine,Arginine (M+5),heavy,1.21,1.2,125,85
Lenti-C_3 hour_Expt III_10-25-2023_R-E6_14794,Arginine,Arginine (M+5),heavy,1.21,1.2,2,0
Lenti-C_13C_1 hour_Expt I_10-24-2023_R-C6_14764,Arginine,Arginine (M+5),heavy,1.21,1.2,12,13
Lenti-C_13C_1 hour_Expt II_10-24-2023_R-D3_14757,Arginine,Arginine (M+5),heavy,1.21,1.2,17,67
Lenti-C_13C_1 hour_Expt III_10-25-2023_R-D9_14800,Arginine,Arginine (M+5),heavy,1.21,1.2,450,360
Lenti-SC_3 hour_Expt I_10-25-2023_R-E1_14782,Arginine,Arginine (M+5),heavy,1.21,1.2,13,13
Lenti-SC_3 hour_Expt II_10-25-2023_R-E2_14786,Arginine,Arginine (M+5),heavy,1.21,1.2,1,0
Lenti-SC_13C_1 hour_Expt II_10-24-2023_R-B3_14774,Arginine,Arginine (M+5),heavy,1.21,1.2,1,3
Lenti-SC_13C_1 hour_Expt III_10-25-2023_R-B9_14783,Arginine,Arginine (M+5),heavy,1.21,1.2,89,93
Lenti-SC_3 hour_Expt III_10-25-2023_R-E3_14778,Arginine,Arginine (M+5),heavy,1.21,1.2,59,131
Lenti-SC_13C_1 hour_Expt I_10-25-2023_R-A6_14784,Arginine,Arginine (M+5),heavy,1.21,1.2,82,59
Lenti-C_3 hour_Expt I_10-25-2023_R-E4_14792,Arginine,Arginine (M+6),heavy,1.21,1.23,410,349
Lenti-C_3 hour_Expt II_10-25-2023_R-E5_14776,Arginine,Arginine (M+6),heavy,1.21,1.23,310,309
Lenti-C_3 hour_Expt III_10-25-2023_R-E6_14794,Arginine,Arginine (M+6),heavy,1.21,1.23,106,80
Lenti-C_13C_1 hour_Expt I_10-24-2023_R-C6_14764,Arginine,Arginine (M+6),heavy,1.21,1.23,115,110
Lenti-C_13C_1 hour_Expt II_10-24-2023_R-D3_14757,Arginine,Arginine (M+6),heavy,1.21,1.23,19,67
Lenti-C_13C_1 hour_Expt III_10-25-2023_R-D9_14800,Arginine,Arginine (M+6),heavy,1.21,1.23,75,79
Lenti-SC_3 hour_Expt I_10-25-2023_R-E1_14782,Arginine,Arginine (M+6),heavy,1.21,1.23,74,52
Lenti-SC_3 hour_Expt II_10-25-2023_R-E2_14786,Arginine,Arginine (M+6),heavy,1.21,1.23,112,130
Lenti-SC_13C_1 hour_Expt II_10-24-2023_R-B3_14774,Arginine,Arginine (M+6),heavy,1.21,1.23,236,182
Lenti-SC_13C_1 hour_Expt III_10-25-2023_R-B9_14783,Arginine,Arginine (M+6),heavy,1.21,1.23,78,62
Lenti-SC_3 hour_Expt III_10-25-2023_R-E3_14778,Arginine,Arginine (M+6),heavy,1.21,1.23,66,42
Lenti-SC_13C_1 hour_Expt I_10-25-2023_R-A6_14784,Arginine,Arginine (M+6),heavy,1.21,1.23,494,346
Lenti-C_3 hour_Expt I_10-25-2023_R-E4_14792,Asparagine,Asparagine (M+0),light,1.26,1.27,2160,1166
Lenti-C_3 hour_Expt II_10-25-2023_R-E5_14776,Asparagine,Asparagine (M+0),light,1.26,1.27,9577,4598
Lenti-C_3 hour_Expt III_10-25-2023_R-E6_14794,Asparagine,Asparagine (M+0),light,1.26,1.27,12265,4943
Lenti-C_13C_1 hour_Expt I_10-24-2023_R-C6_14764,Asparagine,Asparagine (M+0),light,1.26,1.27,9005,1671
Lenti-C_13C_1 hour_Expt II_10-24-2023_R-D3_14757,Asparagine,Asparagine (M+0),light,1.26,1.27,991,498
Lenti-C_13C_1 hour_Expt III_10-25-2023_R-D9_14800,Asparagine,Asparagine (M+0),light,1.26,1.27,16079,5131
Lenti-SC_3 hour_Expt I_10-25-2023_R-E1_14782,Asparagine,Asparagine (M+0),light,1.26,1.27,4786,2805
Lenti-SC_3 hour_Expt II_10-25-2023_R-E2_14786,Asparagine,Asparagine (M+0),light,1.26,1.27,9195,5268
Lenti-SC_13C_1 hour_Expt II_10-24-2023_R-B3_14774,Asparagine,Asparagine (M+0),light,1.26,1.27,7685,2083
Lenti-SC_13C_1 hour_Expt III_10-25-2023_R-B9_14783,Asparagine,Asparagine (M+0),light,1.26,1.27,14090,3386
Lenti-SC_3 hour_Expt III_10-25-2023_R-E3_14778,Asparagine,Asparagine (M+0),light,1.26,1.27,6544,1999
Lenti-SC_13C_1 hour_Expt I_10-25-2023_R-A6_14784,Asparagine,Asparagine (M+0),light,1.26,1.27,2436,959
Lenti-C_3 hour_Expt I_10-25-2023_R-E4_14792,Asparagine,Asparagine (M+1),heavy,1.26,1.26,191,84
Lenti-C_3 hour_Expt II_10-25-2023_R-E5_14776,Asparagine,Asparagine (M+1),heavy,1.26,1.26,764,351
Lenti-C_3 hour_Expt III_10-25-2023_R-E6_14794,Asparagine,Asparagine (M+1),heavy,1.26,1.26,659,321
Lenti-C_13C_1 hour_Expt I_10-24-2023_R-C6_14764,Asparagine,Asparagine (M+1),heavy,1.26,1.26,1313,610
Lenti-C_13C_1 hour_Expt II_10-24-2023_R-D3_14757,Asparagine,Asparagine (M+1),heavy,1.26,1.26,46,42
Lenti-C_13C_1 hour_Expt III_10-25-2023_R-D9_14800,Asparagine,Asparagine (M+1),heavy,1.26,1.26,1936,845
Lenti-SC_3 hour_Expt I_10-25-2023_R-E1_14782,Asparagine,Asparagine (M+1),heavy,1.26,1.26,222,136
Lenti-SC_3 hour_Expt II_10-25-2023_R-E2_14786,Asparagine,Asparagine (M+1),heavy,1.26,1.26,720,470
Lenti-SC_13C_1 hour_Expt II_10-24-2023_R-B3_14774,Asparagine,Asparagine (M+1),heavy,1.26,1.26,1035,512
Lenti-SC_13C_1 hour_Expt III_10-25-2023_R-B9_14783,Asparagine,Asparagine (M+1),heavy,1.26,1.26,697,517
Lenti-SC_3 hour_Expt III_10-25-2023_R-E3_14778,Asparagine,Asparagine (M+1),heavy,1.26,1.26,353,138
Lenti-SC_13C_1 hour_Expt I_10-25-2023_R-A6_14784,Asparagine,Asparagine (M+1),heavy,1.26,1.26,754,354
Lenti-C_3 hour_Expt I_10-25-2023_R-E4_14792,Asparagine,Asparagine (M+2),heavy,1.26,1.27,270,213
Lenti-C_3 hour_Expt II_10-25-2023_R-E5_14776,Asparagine,Asparagine (M+2),heavy,1.26,1.27,212,215
Lenti-C_3 hour_Expt III_10-25-2023_R-E6_14794,Asparagine,Asparagine (M+2),heavy,1.26,1.27,117,89
Lenti-C_13C_1 hour_Expt I_10-24-2023_R-C6_14764,Asparagine,Asparagine (M+2),heavy,1.26,1.27,234,86
Lenti-C_13C_1 hour_Expt II_10-24-2023_R-D3_14757,Asparagine,Asparagine (M+2),heavy,1.26,1.27,335,275
Lenti-C_13C_1 hour_Expt III_10-25-2023_R-D9_14800,Asparagine,Asparagine (M+2),heavy,1.26,1.27,2170,823
Lenti-SC_3 hour_Expt I_10-25-2023_R-E1_14782,Asparagine,Asparagine (M+2),heavy,1.26,1.27,237,146
Lenti-SC_3 hour_Expt II_10-25-2023_R-E2_14786,Asparagine,Asparagine (M+2),heavy,1.26,1.27,39,37
Lenti-SC_13C_1 hour_Expt II_10-24-2023_R-B3_14774,Asparagine,Asparagine (M+2),heavy,1.26,1.27,109,118
Lenti-SC_13C_1 hour_Expt III_10-25-2023_R-B9_14783,Asparagine,Asparagine (M+2),heavy,1.26,1.27,300,187
Lenti-SC_3 hour_Expt III_10-25-2023_R-E3_14778,Asparagine,Asparagine (M+2),heavy,1.26,1.27,122,60
Lenti-SC_13C_1 hour_Expt I_10-25-2023_R-A6_14784,Asparagine,Asparagine (M+2),heavy,1.26,1.27,294,144
Lenti-C_3 hour_Expt I_10-25-2023_R-E4_14792,Asparagine,Asparagine (M+3),heavy,1.26,1.25,773,233
Lenti-C_3 hour_Expt II_10-25-2023_R-E5_14776,Asparagine,Asparagine (M+3),heavy,1.26,1.25,514,249
Lenti-C_3 hour_Expt III_10-25-2023_R-E6_14794,Asparagine,Asparagine (M+3),heavy,1.26,1.25,128,112
Lenti-C_13C_1 hour_Expt I_10-24-2023_R-C6_14764,Asparagine,Asparagine (M+3),heavy,1.26,1.25,797,296
Lenti-C_13C_1 hour_Expt II_10-24-2023_R-D3_14757,Asparagine,Asparagine (M+3),heavy,1.26,1.25,176,213
Lenti-C_13C_1 hour_Expt III_10-25-2023_R-D9_14800,Asparagine,Asparagine (M+3),heavy,1.26,1.25,224,129
Lenti-SC_3 hour_Expt I_10-25-2023_R-E1_14782,Asparagine,Asparagine (M+3),heavy,1.26,1.25,315,214
Lenti-SC_3 hour_Expt II_10-25-2023_R-E2_14786,Asparagine,Asparagine (M+3),heavy,1.26,1.25,68,93
Lenti-SC_13C_1 hour_Expt II_10-24-2023_R-B3_14774,Asparagine,Asparagine (M+3),heavy,1.26,1.25,351,128
Lenti-SC_13C_1 hour_Expt III_10-25-2023_R-B9_14783,Asparagine,Asparagine (M+3),heavy,1.26,1.25,170,177
Lenti-SC_3 hour_Expt III_10-25-2023_R-E3_14778,Asparagine,Asparagine (M+3),heavy,1.26,1.25,296,184
Lenti-SC_13C_1 hour_Expt I_10-25-2023_R-A6_14784,Asparagine,Asparagine (M+3),heavy,1.26,1.25,28,13
Lenti-C_3 hour_Expt I_10-25-2023_R-E4_14792,Asparagine,Asparagine (M+4),heavy,1.26,1.26,1127,514
Lenti-C_3 hour_Expt II_10-25-2023_R-E5_14776,Asparagine,Asparagine (M+4),heavy,1.26,1.26,64405,21278
Lenti-C_3 hour_Expt III_10-25-2023_R-E6_14794,Asparagine,Asparagine (M+4),heavy,1.26,1.26,473,272
Lenti-C_13C_1 hour_Expt I_10-24-2023_R-C6_14764,Asparagine,Asparagine (M+4),heavy,1.26,1.26,1231,256
Lenti-C_13C_1 hour_Expt II_10-24-2023_R-D3_14757,Asparagine,Asparagine (M+4),heavy,1.26,1.26,1394,1096
Lenti-C_13C_1 hour_Expt III_10-25-2023_R-D9_14800,Asparagine,Asparagine (M+4),heavy,1.26,1.26,487,295
Lenti-SC_3 hour_Expt I_10-25-2023_R-E1_14782,Asparagine,Asparagine (M+4),heavy,1.26,1.26,1021,491
Lenti-SC_3 hour_Expt II_10-25-2023_R-E2_14786,Asparagine,Asparagine (M+4),heavy,1.26,1.26,373,311
Lenti-SC_13C_1 hour_Expt II_10-24-2023_R-B3_14774,Asparagine,Asparagine (M+4),heavy,1.26,1.26,402,323
Lenti-SC_13C_1 hour_Expt III_10-25-2023_R-B9_14783,Asparagine,Asparagine (M+4),heavy,1.26,1.26,1523,648
Lenti-SC_3 hour_Expt III_10-25-2023_R-E3_14778,Asparagine,Asparagine (M+4),heavy,1.26,1.26,49,57
Lenti-SC_13C_1 hour_Expt I_10-25-2023_R-A6_14784,Asparagine,Asparagine (M+4),heavy,1.26,1.26,422,310
Lenti-C_3 hour_Expt I_10-25-2023_R-E4_14792,Glucose 1-phosphate,Glucose 1-phosphate (M+0),light,1.34,1.34,267505,73003
Lenti-C_3 hour_Expt II_10-25-2023_R-E5_14776,Glucose 1-phosphate,Glucose 1-phosphate (M+0),light,1.34,1.34,222614,63534
Lenti-C_3 hour_Expt III_10-25-2023_R-E6_14794,Glucose 1-phosphate,Glucose 1-phosphate (M+0),light,1.34,1.34,205649,56289
Lenti-C_13C_1 hour_Expt I_10-24-2023_R-C6_14764,Glucose 1-phosphate,Glucose 1-phosphate (M+0),light,1.34,1.34,16261,6727
Lenti-C_13C_1 hour_Expt II_10-24-2023_R-D3_14757,Glucose 1-phosphate,Glucose 1-phosphate (M+0),light,1.34,1.34,12742,3632
Lenti-C_13C_1 hour_Expt III_10-25-2023_R-D9_14800,Glucose 1-phosphate,Glucose 1-phosphate (M+0),light,1.34,1.34,84120,21285
Lenti-SC_3 hour_Expt I_10-25-2023_R-E1_14782,Glucose 1-phosphate,Glucose 1-phosphate (M+0),light,1.34,1.34,206195,63781
Lenti-SC_3 hour_Expt II_10-25-2023_R-E2_14786,Glucose 1-phosphate,Glucose 1-phosphate (M+0),light,1.34,1.34,286475,97453
Lenti-SC_13C_1 hour_Expt II_10-24-2023_R-B3_14774,Glucose 1-phosphate,Glucose 1-phosphate (M+0),light,1.34,1.34,27816,8832
Lenti-SC_13C_1 hour_Expt III_10-25-2023_R-B9_14783,Glucose 1-phosphate,Glucose 1-phosphate (M+0),light,1.34,1.34,28507,8029
Lenti-SC_3 hour_Expt III_10-25-2023_R-E3_14778,Glucose 1-phosphate,Glucose 1-phosphate (M+0),light,1.34,1.34,581268,210907
Lenti-SC_13C_1 hour_Expt I_10-25-2023_R-A6_14784,Glucose 1-phosphate,Glucose 1-phosphate (M+0),light,1.34,1.34,220569,65820
Lenti-C_3 hour_Expt I_10-25-2023_R-E4_14792,Glucose 1-phosphate,Glucose 1-phosphate (M+1),heavy,1.34,1.34,22634,6291
Lenti-C_3 hour_Expt II_10-25-2023_R-E5_14776,Glucose 1-phosphate,Glucose 1-phosphate (M+1),heavy,1.34,1.34,14057,3886
Lenti-C_3 hour_Expt III_10-25-2023_R-E6_14794,Glucose 1-phosphate,Glucose 1-phosphate (M+1),heavy,1.34,1.34,17864,5205
Lenti-C_13C_1 hour_Expt I_10-24-2023_R-C6_14764,Glucose 1-phosphate,Glucose 1-phosphate (M+1),heavy,1.34,1.34,2513,717
Lenti-C_13C_1 hour_Expt II_10-24-2023_R-D3_14757,Glucose 1-phosphate,Glucose 1-phosphate (M+1),heavy,1.34,1.34,1075,625
Lenti-C_13C_1 hour_Expt III_10-25-2023_R-D9_14800,Glucose 1-phosphate,Glucose 1-phosphate (M+1),heavy,1.34,1.34,7022,2297
Lenti-SC_3 hour_Expt I_10-25-2023_R-E1_14782,Glucose 1-phosphate,Glucose 1-phosphate (M+1),heavy,1.34,1.34,15253,4632
Lenti-SC_3 hour_Expt II_10-25-2023_R-E2_14786,Glucose 1-phosphate,Glucose 1-phosphate (M+1),heavy,1.34,1.34,22864,7790
Lenti-SC_13C_1 hour_Expt II_10-24-2023_R-B3_14774,Glucose 1-phosphate,Glucose 1-phosphate (M+1),heavy,1.34,1.34,3800,921
Lenti-SC_13C_1 hour_Expt III_10-25-2023_R-B9_14783,Glucose 1-phosphate,Glucose 1-phosphate (M+1),heavy,1.34,1.34,2650,816
Lenti-SC_3 hour_Expt III_10-25-2023_R-E3_14778,Glucose 1-phosphate,Glucose 1-phosphate (M+1),heavy,1.34,1.34,38686,12316
Lenti-SC_13C_1 hour_Expt I_10-25-2023_R-A6_14784,Glucose 1-phosphate,Glucose 1-phosphate (M+1),heavy,1.34,1.34,16100,5031
Lenti-C_3 hour_Expt I_10-25-2023_R-E4_14792,Glucose 1-phosphate,Glucose 1-phosphate (M+2),heavy,1.34,1.34,4902,1556
Lenti-C_3 hour_Expt II_10-25-2023_R-E5_14776,Glucose 1-phosphate,Glucose 1-phosphate (M+2),heavy,1.34,1.34,4794,1155
Lenti-C_3 hour_Expt III_10-25-2023_R-E6_14794,Glucose 1-phosphate,Glucose 1-phosphate (M+2),heavy,1.34,1.34,3385,1187
Lenti-C_13C_1 hour_Expt I_10-24-2023_R-C6_14764,Glucose 1-phosphate,Glucose 1-phosphate (M+2),heavy,1.34,1.34,171,147
Lenti-C_13C_1 hour_Expt II_10-24-2023_R-D3_14757,Glucose 1-phosphate,Glucose 1-phosphate (M+2),heavy,1.34,1.34,533,209
Lenti-C_13C_1 hour_Expt III_10-25-2023_R-D9_14800,Glucose 1-phosphate,Glucose 1-phosphate (M+2),heavy,1.34,1.34,1715,767
Lenti-SC_3 hour_Expt I_10-25-2023_R-E1_14782,Glucose 1-phosphate,Glucose 1-phosphate (M+2),heavy,1.34,1.34,5427,1629
Lenti-SC_3 hour_Expt II_10-25-2023_R-E2_14786,Glucose 1-phosphate,Glucose 1-phosphate (M+2),heavy,1.34,1.34,5231,1547
Lenti-SC_13C_1 hour_Expt II_10-24-2023_R-B3_14774,Glucose 1-phosphate,Glucose 1-phosphate (M+2),heavy,1.34,1.34,755,366
Lenti-SC_13C_1 hour_Expt III_10-25-2023_R-B9_14783,Glucose 1-phosphate,Glucose 1-phosphate (M+2),heavy,1.34,1.34,967,423
Lenti-SC_3 hour_Expt III_10-25-2023_R-E3_14778,Glucose 1-phosphate,Glucose 1-phosphate (M+2),heavy,1.34,1.34,15436,3699
Lenti-SC_13C_1 hour_Expt I_10-25-2023_R-A6_14784,Glucose 1-phosphate,Glucose 1-phosphate (M+2),heavy,1.34,1.34,3831,1048
Lenti-C_3 hour_Expt I_10-25-2023_R-E4_14792,Glucose 1-phosphate,Glucose 1-phosphate (M+6),heavy,1.34,1.35,908,305
Lenti-C_3 hour_Expt II_10-25-2023_R-E5_14776,Glucose 1-phosphate,Glucose 1-phosphate (M+6),heavy,1.34,1.35,257,287
Lenti-C_3 hour_Expt III_10-25-2023_R-E6_14794,Glucose 1-phosphate,Glucose 1-phosphate (M+6),heavy,1.34,1.35,249,173
Lenti-C_13C_1 hour_Expt I_10-24-2023_R-C6_14764,Glucose 1-phosphate,Glucose 1-phosphate (M+6),heavy,1.34,1.35,16666,6809
Lenti-C_13C_1 hour_Expt II_10-24-2023_R-D3_14757,Glucose 1-phosphate,Glucose 1-phosphate (M+6),heavy,1.34,1.35,19787,6535
Lenti-C_13C_1 hour_Expt III_10-25-2023_R-D9_14800,Glucose 1-phosphate,Glucose 1-phosphate (M+6),heavy,1.34,1.35,31983,8927
Lenti-SC_3 hour_Expt I_10-25-2023_R-E1_14782,Glucose 1-phosphate,Glucose 1-phosphate (M+6),heavy,1.34,1.35,253,223
Lenti-SC_3 hour_Expt II_10-25-2023_R-E2_14786,Glucose 1-phosphate,Glucose 1-phosphate (M+6),heavy,1.34,1.35,1244,530
Lenti-SC_13C_1 hour_Expt II_10-24-2023_R-B3_14774,Glucose 1-phosphate,Glucose 1-phosphate (M+6),heavy,1.34,1.35,17386,5704
Lenti-SC_13C_1 hour_Expt III_10-25-2023_R-B9_14783,Glucose 1-phosphate,Glucose 1-phosphate (M+6),heavy,1.34,1.35,25980,8618
Lenti-SC_3 hour_Expt III_10-25-2023_R-E3_14778,Glucose 1-phosphate,Glucose 1-phosphate (M+6),heavy,1.34,1.35,2172,739
Lenti-SC_13C_1 hour_Expt I_10-25-2023_R-A6_14784,Glucose 1-phosphate,Glucose 1-phosphate (M+6),heavy,1.34,1.35,17968,5439
Lenti-C_3 hour_Expt I_10-25-2023_R-E4_14792,Glucose 6-phosphate,Glucose 6-phosphate (M+0),light,1.26,1.28,5378,1447
Lenti-C_3 hour_Expt II_10-25-2023_R-E5_14776,Glucose 6-phosphate,Glucose 6-phosphate (M+0),light,1.26,1.28,102654,30698
Lenti-C_3 hour_Expt III_10-25-2023_R-E6_14794,Glucose 6-phosphate,Glucose 6-phosphate (M+0),light,1.26,1.28,99407,26892
Lenti-C_13C_1 hour_Expt I_10-24-2023_R-C6_14764,Glucose 6-phosphate,Glucose 6-phosphate (M+0),light,1.26,1.28,3910,914
Lenti-C_13C_1 hour_Expt II_10-24-2023_R-D3_14757,Glucose 6-phosphate,Glucose 6-phosphate (M+0),light,1.26,1.28,3713,1952
Lenti-C_13C_1 hour_Expt III_10-25-2023_R-D9_14800,Glucose 6-phosphate,Glucose 6-phosphate (M+0),light,1.26,1.28,11058,2716
Lenti-SC_3 hour_Expt I_10-25-2023_R-E1_14782,Glucose 6-phosphate,Glucose 6-phosphate (M+0),light,1.26,1.28,31367,9349
Lenti-SC_3 hour_Expt II_10-25-2023_R-E2_14786,Glucose 6-phosphate,Glucose 6-phosphate (M+0),light,1.26,1.28,54235,21726
Lenti-SC_13C_1 hour_Expt II_10-24-2023_R-B3_14774,Glucose 6-phosphate,Glucose 6-phosphate (M+0),light,1.26,1.28,6369,3275
Lenti-SC_13C_1 hour_Expt III_10-25-2023_R-B9_14783,Glucose 6-phosphate,Glucose 6-phosphate (M+0),light,1.26,1.28,8901,2294
Lenti-SC_3 hour_Expt III_10-25-2023_R-E3_14778,Glucose 6-phosphate,Glucose 6-phosphate (M+0),light,1.26,1.28,39575,17035
Lenti-SC_13C_1 hour_Expt I_10-25-2023_R-A6_14784,Glucose 6-phosphate,Glucose 6-phosphate (M+0),light,1.26,1.28,2891,658
Lenti-C_3 hour_Expt I_10-25-2023_R-E4_14792,Glucose 6-phosphate,Glucose 6-phosphate (M+1),heavy,1.26,1.28,554,152
Lenti-C_3 hour_Expt II_10-25-2023_R-E5_14776,Glucose 6-phosphate,Glucose 6-phosphate (M+1),heavy,1.26,1.28,7649,2809
Lenti-C_3 hour_Expt III_10-25-2023_R-E6_14794,Glucose 6-phosphate,Glucose 6-phosphate (M+1),heavy,1.26,1.28,10440,3794
Lenti-C_13C_1 hour_Expt I_10-24-2023_R-C6_14764,Glucose 6-phosphate,Glucose 6-phosphate (M+1),heavy,1.26,1.28,1242,629
Lenti-C_13C_1 hour_Expt II_10-24-2023_R-D3_14757,Glucose 6-phosphate,Glucose 6-phosphate (M+1),heavy,1.26,1.28,238,101
Lenti-C_13C_1 hour_Expt III_10-25-2023_R-D9_14800,Glucose 6-phosphate,Glucose 6-phosphate (M+1),heavy,1.26,1.28,1091,726
Lenti-SC_3 hour_Expt I_10-25-2023_R-E1_14782,Glucose 6-phosphate,Glucose 6-phosphate (M+1),heavy,1.26,1.28,4662,1719
Lenti-SC_3 hour_Expt II_10-25-2023_R-E2_14786,Glucose 6-phosphate,Glucose 6-phosphate (M+1),heavy,1.26,1.28,4670,2227
Lenti-SC_13C_1 hour_Expt II_10-24-2023_R-B3_14774,Glucose 6-phosphate,Glucose 6-phosphate (M+1),heavy,1.26,1.28,372,316
Lenti-SC_13C_1 hour_Expt III_10-25-2023_R-B9_14783,Glucose 6-phosphate,Glucose 6-phosphate (M+1),heavy,1.26,1.28,1219,511
Lenti-SC_3 hour_Expt III_10-25-2023_R-E3_14778,Glucose 6-phosphate,Glucose 6-phosphate (M+1),heavy,1.26,1.28,4907,1910
Lenti-SC_13C_1 hour_Expt I_10-25-2023_R-A6_14784,Glucose 6-phosphate,Glucose 6-phosphate (M+1),heavy,1.26,1.28,661,231
Lenti-C_3 hour_Expt I_10-25-2023_R-E4_14792,Glucose 6-phosphate,Glucose 6-phosphate (M+2),heavy,1.26,1.27,601,405
Lenti-C_3 hour_Expt II_10-25-2023_R-E5_14776,Glucose 6-phosphate,Glucose 6-phosphate (M+2),heavy,1.26,1.27,1741,588
Lenti-C_3 hour_Expt III_10-25-2023_R-E6_14794,Glucose 6-phosphate,Glucose 6-phosphate (M+2),heavy,1.26,1.27,1636,649
Lenti-C_13C_1 hour_Expt I_10-24-2023_R-C6_14764,Glucose 6-phosphate,Glucose 6-phosphate (M+2),heavy,1.26,1.27,1163,417
Lenti-C_13C_1 hour_Expt II_10-24-2023_R-D3_14757,Glucose 6-phosphate,Glucose 6-phosphate (M+2),heavy,1.26,1.27,751,423
Lenti-C_13C_1 hour_Expt III_10-25-2023_R-D9_14800,Glucose 6-phosphate,Glucose 6-phosphate (M+2),heavy,1.26,1.27,750,456
Lenti-SC_3 hour_Expt I_10-25-2023_R-E1_14782,Glucose 6-phosphate,Glucose 6-phosphate (M+2),heavy,1.26,1.27,582,413
Lenti-SC_3 hour_Expt II_10-25-2023_R-E2_14786,Glucose 6-phosphate,Glucose 6-phosphate (M+2),heavy,1.26,1.27,2414,784
Lenti-SC_13C_1 hour_Expt II_10-24-2023_R-B3_14774,Glucose 6-phosphate,Glucose 6-phosphate (M+2),heavy,1.26,1.27,496,133
Lenti-SC_13C_1 hour_Expt III_10-25-2023_R-B9_14783,Glucose 6-phosphate,Glucose 6-phosphate (M+2),heavy,1.26,1.27,1302,384
Lenti-SC_3 hour_Expt III_10-25-2023_R-E3_14778,Glucose 6-phosphate,Glucose 6-phosphate (M+2),heavy,1.26,1.27,1190,487
Lenti-SC_13C_1 hour_Expt I_10-25-2023_R-A6_14784,Glucose 6-phosphate,Glucose 6-phosphate (M+2),heavy,1.26,1.27,246,95
Lenti-C_3 hour_Expt I_10-25-2023_R-E4_14792,Glucose 6-phosphate,Glucose 6-phosphate (M+3),heavy,1.26,1.28,744,429
Lenti-C_3 hour_Expt II_10-25-2023_R-E5_14776,Glucose 6-phosphate,Glucose 6-phosphate (M+3),heavy,1.26,1.28,1268,481
Lenti-C_3 hour_Expt III_10-25-2023_R-E6_14794,Glucose 6-phosphate,Glucose 6-phosphate (M+3),heavy,1.26,1.28,1210,467
Lenti-C_13C_1 hour_Expt I_10-24-2023_R-C6_14764,Glucose 6-phosphate,Glucose 6-phosphate (M+3),heavy,1.26,1.28,192,84
Lenti-C_13C_1 hour_Expt II_10-24-2023_R-D3_14757,Glucose 6-phosphate,Glucose 6-phosphate (M+3),heavy,1.26,1.28,118,54
Lenti-C_13C_1 hour_Expt III_10-25-2023_R-D9_14800,Glucose 6-phosphate,Glucose 6-phosphate (M+3),heavy,1.26,1.28,529,306
Lenti-SC_3 hour_Expt I_10-25-2023_R-E1_14782,Glucose 6-phosphate,Glucose 6-phosphate (M+3),heavy,1.26,1.28,766,488
Lenti-SC_3 hour_Expt II_10-25-2023_R-E2_14786,Glucose 6-phosphate,Glucose 6-phosphate (M+3),heavy,1.26,1.28,1453,428
Lenti-SC_13C_1 hour_Expt II_10-24-2023_R-B3_14774,Glucose 6-phosphate,Glucose 6-phosphate (M+3),heavy,1.26,1.28,1185,426
Lenti-SC_13C_1 hour_Expt III_10-25-2023_R-B9_14783,Glucose 6-phosphate,Glucose 6-phosphate (M+3),heavy,1.26,1.28,2115,750
Lenti-SC_3 hour_Expt III_10-25-2023_R-E3_14778,Glucose 6-phosphate,Glucose 6-phosphate (M+3),heavy,1.26,1.28,78,43
Lenti-SC_13C_1 hour_Expt I_10-25-2023_R-A6_14784,Glucose 6-phosphate,Glucose 6-phosphate (M+3),heavy,1.26,1.28,962,435
Lenti-C_3 hour_Expt I_10-25-2023_R-E4_14792,Glucose 6-phosphate,Glucose 6-phosphate (M+4),heavy,1.26,1.31,3370,781
Lenti-C_3 hour_Expt II_10-25-2023_R-E5_14776,Glucose 6-phosphate,Glucose 6-phosphate (M+4),heavy,1.26,1.31,1947,1182
Lenti-C_3 hour_Expt III_10-25-2023_R-E6_14794,Glucose 6-phosphate,Glucose 6-phosphate (M+4),heavy,1.26,1.31,2331,532
Lenti-C_13C_1 hour_Expt I_10-24-2023_R-C6_14764,Glucose 6-phosphate,Glucose 6-phosphate (M+4),heavy,1.26,1.31,696,470
Lenti-C_13C_1 hour_Expt II_10-24-2023_R-D3_14757,Glucose 6-phosphate,Glucose 6-phosphate (M+4),heavy,1.26,1.31,1275,350
Lenti-C_13C_1 hour_Expt III_10-25-2023_R-D9_14800,Glucose 6-phosphate,Glucose 6-phosphate (M+4),heavy,1.26,1.31,330,180
Lenti-SC_3 hour_Expt I_10-25-2023_R-E1_14782,Glucose 6-phosphate,Glucose 6-phosphate (M+4),heavy,1.26,1.31,1229,588
Lenti-SC_3 hour_Expt II_10-25-2023_R-E2_14786,Glucose 6-phosphate,Glucose 6-phosphate (M+4),heavy,1.26,1.31,2832,623
Lenti-SC_13C_1 hour_Expt II_10-24-2023_R-B3_14774,Glucose 6-phosphate,Glucose 6-phosphate (M+4),heavy,1.26,1.31,2016,511
Lenti-SC_13C_1 hour_Expt III_10-25-2023_R-B9_14783,Glucose 6-phosphate,Glucose 6-phosphate (M+4),heavy,1.26,1.31,1628,416
Lenti-SC_3 hour_Expt III_10-25-2023_R-E3_14778,Glucose 6-phosphate,Glucose 6-phosphate (M+4),heavy,1.26,1.31,5285,1078
Lenti-SC_13C_1 hour_Expt I_10-25-2023_R-A6_14784,Glucose 6-phosphate,Glucose 6-phosphate (M+4),heavy,1.26,1.31,904,469
Lenti-C_3 hour_Expt I_10-25-2023_R-E4_14792,Glucose 6-phosphate,Glucose 6-phosphate (M+5),heavy,1.26,1.35,416,191
Lenti-C_3 hour_Expt II_10-25-2023_R-E5_14776,Glucose 6-phosphate,Glucose 6-phosphate (M+5),heavy,1.26,1.35,185846,7577
Lenti-C_3 hour_Expt III_10-25-2023_R-E6_14794,Glucose 6-phosphate,Glucose 6-phosphate (M+5),heavy,1.26,1.35,17925,1927
Lenti-C_13C_1 hour_Expt I_10-24-2023_R-C6_14764,Glucose 6-phosphate,Glucose 6-phosphate (M+5),heavy,1.26,1.35,879,280
Lenti-C_13C_1 hour_Expt II_10-24-2023_R-D3_14757,Glucose 6-phosphate,Glucose 6-phosphate (M+5),heavy,1.26,1.35,1131,521
Lenti-C_13C_1 hour_Expt III_10-25-2023_R-D9_14800,Glucose 6-phosphate,Glucose 6-phosphate (M+5),heavy,1.26,1.35,15030,4922
Lenti-SC_3 hour_Expt I_10-25-2023_R-E1_14782,Glucose 6-phosphate,Glucose 6-phosphate (M+5),heavy,1.26,1.35,1423,711
Lenti-SC_3 hour_Expt II_10-25-2023_R-E2_14786,Glucose 6-phosphate,Glucose 6-phosphate (M+5),heavy,1.26,1.35,3536,638
Lenti-SC_13C_1 hour_Expt II_10-24-2023_R-B3_14774,Glucose 6-phosphate,Glucose 6-phosphate (M+5),heavy,1.26,1.35,1195,567
Lenti-SC_13C_1 hour_Expt III_10-25-2023_R-B9_14783,Glucose 6-phosphate,Glucose 6-phosphate (M+5),heavy,1.26,1.35,3088,2233
Lenti-SC_3 hour_Expt III_10-25-2023_R-E3_14778,Glucose 6-phosphate,Glucose 6-phosphate (M+5),heavy,1.26,1.35,440,350
Lenti-SC_13C_1 hour_Expt I_10-25-2023_R-A6_14784,Glucose 6-phosphate,Glucose 6-phosphate (M+5),heavy,1.26,1.35,285,195
Lenti-C_3 hour_Expt I_10-25-2023_R-E4_14792,Glucose 6-phosphate,Glucose 6-phosphate (M+6),heavy,1.26,1.32,1295,499
Lenti-C_3 hour_Expt II_10-25-2023_R-E5_14776,Glucose 6-phosphate,Glucose 6-phosphate (M+6),heavy,1.26,1.32,2333,643
Lenti-C_3 hour_Expt III_10-25-2023_R-E6_14794,Glucose 6-phosphate,Glucose 6-phosphate (M+6),heavy,1.26,1.32,5926,958
Lenti-C_13C_1 hour_Expt I_10-24-2023_R-C6_14764,Glucose 6-phosphate,Glucose 6-phosphate (M+6),heavy,1.26,1.32,1542,531
Lenti-C_13C_1 hour_Expt II_10-24-2023_R-D3_14757,Glucose 6-phosphate,Glucose 6-phosphate (M+6),heavy,1.26,1.32,571,403
Lenti-C_13C_1 hour_Expt III_10-25-2023_R-D9_14800,Glucose 6-phosphate,Glucose 6-phosphate (M+6),heavy,1.26,1.32,4746,1354
Lenti-SC_3 hour_Expt I_10-25-2023_R-E1_14782,Glucose 6-phosphate,Glucose 6-phosphate (M+6),heavy,1.26,1.32,1314,417
Lenti-SC_3 hour_Expt II_10-25-2023_R-E2_14786,Glucose 6-phosphate,Glucose 6-phosphate (M+6),heavy,1.26,1.32,17925,2206
Lenti-SC_13C_1 hour_Expt II_10-24-2023_R-B3_14774,Glucose 6-phosphate,Glucose 6-phosphate (M+6),heavy,1.26,1.32,1415,863
Lenti-SC_13C_1 hour_Expt III_10-25-2023_R-B9_14783,Glucose 6-phosphate,Glucose 6-phosphate (M+6),heavy,1.26,1.32,4815,2348
Lenti-SC_3 hour_Expt III_10-25-2023_R-E3_14778,Glucose 6-phosphate,Glucose 6-phosphate (M+6),heavy,1.26,1.32,1322,399
Lenti-SC_13C_1 hour_Expt I_10-25-2023_R-A6_14784,Glucose 6-phosphate,Glucose 6-phosphate (M+6),heavy,1.26,1.32,4001,1461
Lenti-C_3 hour_Expt I_10-25-2023_R-E4_14792,Palmitic Acid,Palmitic Acid (M+0),light,12.05,12.06,205604,83417
Lenti-C_3 hour_Expt II_10-25-2023_R-E5_14776,Palmitic Acid,Palmitic Acid (M+0),light,12.05,12.06,155354,61947
Lenti-C_3 hour_Expt III_10-25-2023_R-E6_14794,Palmitic Acid,Palmitic Acid (M+0),light,12.05,12.06,189455,78297
Lenti-C_13C_1 hour_Expt I_10-24-2023_R-C6_14764,Palmitic Acid,Palmitic Acid (M+0),light,12.05,12.06,198028,70520
Lenti-C_13C_1 hour_Expt II_10-24-2023_R-D3_14757,Palmitic Acid,Palmitic Acid (M+0),light,12.05,12.06,189044,69913
Lenti-C_13C_1 hour_Expt III_10-25-2023_R-D9_14800,Palmitic Acid,Palmitic Acid (M+0),light,12.05,12.06,155159,58333
Lenti-SC_3 hour_Expt I_10-25-2023_R-E1_14782,Palmitic Acid,Palmitic Acid (M+0),light,12.05,12.06,167215,65270
Lenti-SC_3 hour_Expt II_10-25-2023_R-E2_14786,Palmitic Acid,Palmitic Acid (M+0),light,12.05,12.06,193590,70159
Lenti-SC_13C_1 hour_Expt II_10-24-2023_R-B3_14774,Palmitic Acid,Palmitic Acid (M+0),light,12.05,12.06,167189,63229
Lenti-SC_13C_1 hour_Expt III_10-25-2023_R-B9_14783,Palmitic Acid,Palmitic Acid (M+0),light,12.05,12.06,162119,58608
Lenti-SC_3 hour_Expt III_10-25-2023_R-E3_14778,Palmitic Acid,Palmitic Acid (M+0),light,12.05,12.06,211505,84969
Lenti-SC_13C_1 hour_Expt I_10-25-2023_R-A6_14784,Palmitic Acid,Palmitic Acid (M+0),light,12.05,12.06,183543,78065
Lenti-C_3 hour_Expt I_10-25-2023_R-E4_14792,Palmitic Acid,Palmitic Acid (M+1),heavy,12.05,12.06,35691,14563
Lenti-C_3 hour_Expt II_10-25-2023_R-E5_14776,Palmitic Acid,Palmitic Acid (M+1),heavy,12.05,12.06,33882,14149
Lenti-C_3 hour_Expt III_10-25-2023_R-E6_14794,Palmitic Acid,Palmitic Acid (M+1),heavy,12.05,12.06,33429,13421
Lenti-C_13C_1 hour_Expt I_10-24-2023_R-C6_14764,Palmitic Acid,Palmitic Acid (M+1),heavy,12.05,12.06,25372,9486
Lenti-C_13C_1 hour_Expt II_10-24-2023_R-D3_14757,Palmitic Acid,Palmitic Acid (M+1),heavy,12.05,12.06,43446,17059
Lenti-C_13C_1 hour_Expt III_10-25-2023_R-D9_14800,Palmitic Acid,Palmitic Acid (M+1),heavy,12.05,12.06,29745,11779
Lenti-SC_3 hour_Expt I_10-25-2023_R-E1_14782,Palmitic Acid,Palmitic Acid (M+1),heavy,12.05,12.06,25987,9973
Lenti-SC_3 hour_Expt II_10-25-2023_R-E2_14786,Palmitic Acid,Palmitic Acid (M+1),heavy,12.05,12.06,37726,13196
Lenti-SC_13C_1 hour_Expt II_10-24-2023_R-B3_14774,Palmitic Acid,Palmitic Acid (M+1),heavy,12.05,12.06,25643,10095
Lenti-SC_13C_1 hour_Expt III_10-25-2023_R-B9_14783,Palmitic Acid,Palmitic Acid (M+1),heavy,12.05,12.06,26225,11337
Lenti-SC_3 hour_Expt III_10-25-2023_R-E3_14778,Palmitic Acid,Palmitic Acid (M+1),heavy,12.05,12.06,50722,21005
Lenti-SC_13C_1 hour_Expt I_10-25-2023_R-A6_14784,Palmitic Acid,Palmitic Acid (M+1),heavy,12.05,12.06,29866,13853
Lenti-C_3 hour_Expt I_10-25-2023_R-E4_14792,Palmitic Acid,Palmitic Acid (M+2),heavy,12.05,12.05,4948,2087
Lenti-C_3 hour_Expt II_10-25-2023_R-E5_14776,Palmitic Acid,Palmitic Acid (M+2),heavy,12.05,12.05,6669,2074
Lenti-C_3 hour_Expt III_10-25-2023_R-E6_14794,Palmitic Acid,Palmitic Acid (M+2),heavy,12.05,12.05,3898,1467
Lenti-C_13C_1 hour_Expt I_10-24-2023_R-C6_14764,Palmitic Acid,Palmitic Acid (M+2),heavy,12.05,12.05,2386,642
Lenti-C_13C_1 hour_Expt II_10-24-2023_R-D3_14757,Palmitic Acid,Palmitic Acid (M+2),heavy,12.05,12.05,3959,2072
Lenti-C_13C_1 hour_Expt III_10-25-2023_R-D9_14800,Palmitic Acid,Palmitic Acid (M+2),heavy,12.05,12.05,2712,1727
Lenti-SC_3 hour_Expt I_10-25-2023_R-E1_14782,Palmitic Acid,Palmitic Acid (M+2),heavy,12.05,12.05,2578,1186
Lenti-SC_3 hour_Expt II_10-25-2023_R-E2_14786,Palmitic Acid,Palmitic Acid (M+2),heavy,12.05,12.05,4339,2304
Lenti-SC_13C_1 hour_Expt II_10-24-2023_R-B3_14774,Palmitic Acid,Palmitic Acid (M+2),heavy,12.05,12.05,4685,2117
Lenti-SC_13C_1 hour_Expt III_10-25-2023_R-B9_14783,Palmitic Acid,Palmitic Acid (M+2),heavy,12.05,12.05,3369,1131
Lenti-SC_3 hour_Expt III_10-25-2023_R-E3_14778,Palmitic Acid,Palmitic Acid (M+2),heavy,12.05,12.05,3995,2218
Lenti-SC_13C_1 hour_Expt I_10-25-2023_R-A6_14784,Palmitic Acid,Palmitic Acid (M+2),heavy,12.05,12.05,4404,1661
Lenti-C_3 hour_Expt I_10-25-2023_R-E4_14792,Palmitic Acid,Palmitic Acid (M+3),heavy,12.05,12.04,1173,490
Lenti-C_3 hour_Expt II_10-25-2023_R-E5_14776,Palmitic Acid,Palmitic Acid (M+3),heavy,12.05,12.04,1109,340
Lenti-C_3 hour_Expt III_10-25-2023_R-E6_14794,Palmitic Acid,Palmitic Acid (M+3),heavy,12.05,12.04,1074,406
Lenti-C_13C_1 hour_Expt I_10-24-2023_R-C6_14764,Palmitic Acid,Palmitic Acid (M+3),heavy,12.05,12.04,662,327
Lenti-C_13C_1 hour_Expt II_10-24-2023_R-D3_14757,Palmitic Acid,Palmitic Acid (M+3),heavy,12.05,12.04,1070,683
Lenti-C_13C_1 hour_Expt III_10-25-2023_R-D9_14800,Palmitic Acid,Palmitic Acid (M+3),heavy,12.05,12.04,490,195
Lenti-SC_3 hour_Expt I_10-25-2023_R-E1_14782,Palmitic Acid,Palmitic Acid (M+3),heavy,12.05,12.04,629,208
Lenti-SC_3 hour_Expt II_10-25-2023_R-E2_14786,Palmitic Acid,Palmitic Acid (M+3),heavy,12.05,12.04,1860,739
Lenti-SC_13C_1 hour_Expt II_10-24-2023_R-B3_14774,Palmitic Acid,Palmitic Acid (M+3),heavy,12.05,12.04,1467,602
Lenti-SC_13C_1 hour_Expt III_10-25-2023_R-B9_14783,Palmitic Acid,Palmitic Acid (M+3),heavy,12.05,12.04,1098,296
Lenti-SC_3 hour_Expt III_10-25-2023_R-E3_14778,Palmitic Acid,Palmitic Acid (M+3),heavy,12.05,12.04,1726,687
Lenti-SC_13C_1 hour_Expt I_10-25-2023_R-A6_14784,Palmitic Acid,Palmitic Acid (M+3),heavy,12.05,12.04,1268,382
Lenti-C_3 hour_Expt I_10-25-2023_R-E4_14792,Palmitic Acid,Palmitic Acid (M+4),heavy,12.05,12.06,1808,603
Lenti-C_3 hour_Expt II_10-25-2023_R-E5_14776,Palmitic Acid,Palmitic Acid (M+4),heavy,12.05,12.06,3877,816
Lenti-C_3 hour_Expt III_10-25-2023_R-E6_14794,Palmitic Acid,Palmitic Acid (M+4),heavy,12.05,12.06,1475,620
Lenti-C_13C_1 hour_Expt I_10-24-2023_R-C6_14764,Palmitic Acid,Palmitic Acid (M+4),heavy,12.05,12.06,2058,816
Lenti-C_13C_1 hour_Expt II_10-24-2023_R-D3_14757,Palmitic Acid,Palmitic Acid (M+4),heavy,12.05,12.06,3071,650
Lenti-C_13C_1 hour_Expt III_10-25-2023_R-D9_14800,Palmitic Acid,Palmitic Acid (M+4),heavy,12.05,12.06,1946,827
Lenti-SC_3 hour_Expt I_10-25-2023_R-E1_14782,Palmitic Acid,Palmitic Acid (M+4),heavy,12.05,12.06,3297,934
Lenti-SC_3 hour_Expt II_10-25-2023_R-E2_14786,Palmitic Acid,Palmitic Acid (M+4),heavy,12.05,12.06,3775,1123
Lenti-SC_13C_1 hour_Expt II_10-24-2023_R-B3_14774,Palmitic Acid,Palmitic Acid (M+4),heavy,12.05,12.06,2487,792
Lenti-SC_13C_1 hour_Expt III_10-25-2023_R-B9_14783,Palmitic Acid,Palmitic Acid (M+4),heavy,12.05,12.06,3392,619
Lenti-SC_3 hour_Expt III_10-25-2023_R-E3_14778,Palmitic Acid,Palmitic Acid (M+4),heavy,12.05,12.06,3190,945
Lenti-SC_13C_1 hour_Expt I_10-25-2023_R-A6_14784,Palmitic Acid,Palmitic Acid (M+4),heavy,12.05,12.06,2185,863
Lenti-C_3 hour_Expt I_10-25-2023_R-E4_14792,Palmitic Acid,Palmitic Acid (M+5),heavy,12.05,12.04,845,482
Lenti-C_3 hour_Expt II_10-25-2023_R-E5_14776,Palmitic Acid,Palmitic Acid (M+5),heavy,12.05,12.04,1487,632
Lenti-C_3 hour_Expt III_10-25-2023_R-E6_14794,Palmitic Acid,Palmitic Acid (M+5),heavy,12.05,12.04,628,258
Lenti-C_13C_1 hour_Expt I_10-24-2023_R-C6_14764,Palmitic Acid,Palmitic Acid (M+5),heavy,12.05,12.04,577,201
Lenti-C_13C_1 hour_Expt II_10-24-2023_R-D3_14757,Palmitic Acid,Palmitic Acid (M+5),heavy,12.05,12.04,313,222
Lenti-C_13C_1 hour_Expt III_10-25-2023_R-D9_14800,Palmitic Acid,Palmitic Acid (M+5),heavy,12.05,12.04,121,164
Lenti-SC_3 hour_Expt I_10-25-2023_R-E1_14782,Palmitic Acid,Palmitic Acid (M+5),heavy,12.05,12.04,1352,488
Lenti-SC_3 hour_Expt II_10-25-2023_R-E2_14786,Palmitic Acid,Palmitic Acid (M+5),heavy,12.05,12.04,1004,673
Lenti-SC_13C_1 hour_Expt II_10-24-2023_R-B3_14774,Palmitic Acid,Palmitic Acid (M+5),heavy,12.05,12.04,1150,382
Lenti-SC_13C_1 hour_Expt III_10-25-2023_R-B9_14783,Palmitic Acid,Palmitic Acid (M+5),heavy,12.05,12.04,1043,440
Lenti-SC_3 hour_Expt III_10-25-2023_R-E3_14778,Palmitic Acid,Palmitic Acid (M+5),heavy,12.05,12.04,1227,276
Lenti-SC_13C_1 hour_Expt I_10-25-2023_R-A6_14784,Palmitic Acid,Palmitic Acid (M+5),heavy,12.05,12.04,1013,332
Lenti-C_3 hour_Expt I_10-25-2023_R-E4_14792,Palmitic Acid,Palmitic Acid (M+6),heavy,12.05,12.05,4200,1620
Lenti-C_3 hour_Expt II_10-25-2023_R-E5_14776,Palmitic Acid,Palmitic Acid (M+6),heavy,12.05,12.05,6089,1120
Lenti-C_3 hour_Expt III_10-25-2023_R-E6_14794,Palmitic Acid,Palmitic Acid (M+6),heavy,12.05,12.05,3956,1854
Lenti-C_13C_1 hour_Expt I_10-24-2023_R-C6_14764,Palmitic Acid,Palmitic Acid (M+6),heavy,12.05,12.05,4495,1389
Lenti-C_13C_1 hour_Expt II_10-24-2023_R-D3_14757,Palmitic Acid,Palmitic Acid (M+6),heavy,12.05,12.05,5319,1147
Lenti-C_13C_1 hour_Expt III_10-25-2023_R-D9_14800,Palmitic Acid,Palmitic Acid (M+6),heavy,12.05,12.05,2435,632
Lenti-SC_3 hour_Expt I_10-25-2023_R-E1_14782,Palmitic Acid,Palmitic Acid (M+6),heavy,12.05,12.05,3688,1740
Lenti-SC_3 hour_Expt II_10-25-2023_R-E2_14786,Palmitic Acid,Palmitic Acid (M+6),heavy,12.05,12.05,5671,1213
Lenti-SC_13C_1 hour_Expt II_10-24-2023_R-B3_14774,Palmitic Acid,Palmitic Acid (M+6),heavy,12.05,12.05,4508,1425
Lenti-SC_13C_1 hour_Expt III_10-25-2023_R-B9_14783,Palmitic Acid,Palmitic Acid (M+6),heavy,12.05,12.05,4998,941
Lenti-SC_3 hour_Expt III_10-25-2023_R-E3_14778,Palmitic Acid,Palmitic Acid (M+6),heavy,12.05,12.05,4807,1398
Lenti-SC_13C_1 hour_Expt I_10-25-2023_R-A6_14784,Palmitic Acid,Palmitic Acid (M+6),heavy,12.05,12.05,7335,1735
Lenti-C_3 hour_Expt I_10-25-2023_R-E4_14792,Palmitic Acid,Palmitic Acid (M+7),heavy,12.05,12.04,2272,732
Lenti-C_3 hour_Expt II_10-25-2023_R-E5_14776,Palmitic Acid,Palmitic Acid (M+7),heavy,12.05,12.04,4290,958
Lenti-C_3 hour_Expt III_10-25-2023_R-E6_14794,Palmitic Acid,Palmitic Acid (M+7),heavy,12.05,12.04,3818,550
Lenti-C_13C_1 hour_Expt I_10-24-2023_R-C6_14764,Palmitic Acid,Palmitic Acid (M+7),heavy,12.05,12.04,1600,827
Lenti-C_13C_1 hour_Expt II_10-24-2023_R-D3_14757,Palmitic Acid,Palmitic Acid (M+7),heavy,12.05,12.04,1506,580
Lenti-C_13C_1 hour_Expt III_10-25-2023_R-D9_14800,Palmitic Acid,Palmitic Acid (M+7),heavy,12.05,12.04,1020,481
Lenti-SC_3 hour_Expt I_10-25-2023_R-E1_14782,Palmitic Acid,Palmitic Acid (M+7),heavy,12.05,12.04,2343,798
Lenti-SC_3 hour_Expt II_10-25-2023_R-E2_14786,Palmitic Acid,Palmitic Acid (M+7),heavy,12.05,12.04,943,474
Lenti-SC_13C_1 hour_Expt II_10-24-2023_R-B3_14774,Palmitic Acid,Palmitic Acid (M+7),heavy,12.05,12.04,1128,428
Lenti-SC_13C_1 hour_Expt III_10-25-2023_R-B9_14783,Palmitic Acid,Palmitic Acid (M+7),heavy,12.05,12.04,2667,690
Lenti-SC_3 hour_Expt III_10-25-2023_R-E3_14778,Palmitic Acid,Palmitic Acid (M+7),heavy,12.05,12.04,1618,485
Lenti-SC_13C_1 hour_Expt I_10-25-2023_R-A6_14784,Palmitic Acid,Palmitic Acid (M+7),heavy,12.05,12.04,4639,1102
Lenti-C_3 hour_Expt I_10-25-2023_R-E4_14792,Palmitic Acid,Palmitic Acid (M+8),heavy,12.05,12.06,5372,1224
Lenti-C_3 hour_Expt II_10-25-2023_R-E5_14776,Palmitic Acid,Palmitic Acid (M+8),heavy,12.05,12.06,629,175
Lenti-C_3 hour_Expt III_10-25-2023_R-E6_14794,Palmitic Acid,Palmitic Acid (M+8),heavy,12.05,12.06,2496,527
Lenti-C_13C_1 hour_Expt I_10-24-2023_R-C6_14764,Palmitic Acid,Palmitic Acid (M+8),heavy,12.05,12.06,1295,588
Lenti-C_13C_1 hour_Expt II_10-24-2023_R-D3_14757,Palmitic Acid,Palmitic Acid (M+8),heavy,12.05,12.06,1837,387
Lenti-C_13C_1 hour_Expt III_10-25-2023_R-D9_14800,Palmitic Acid,Palmitic Acid (M+8),heavy,12.05,12.06,3160,569
Lenti-SC_3 hour_Expt I_10-25-2023_R-E1_14782,Palmitic Acid,Palmitic Acid (M+8),heavy,12.05,12.06,2994,808
Lenti-SC_3 hour_Expt II_10-25-2023_R-E2_14786,Palmitic Acid,Palmitic Acid (M+8),heavy,12.05,12.06,4205,795
Lenti-SC_13C_1 hour_Expt II_10-24-2023_R-B3_14774,Palmitic Acid,Palmitic Acid (M+8),heavy,12.05,12.06,1296,599
Lenti-SC_13C_1 hour_Expt III_10-25-2023_R-B9_14783,Palmitic Acid,Palmitic Acid (M+8),heavy,12.05,12.06,4256,761
Lenti-SC_3 hour_Expt III_10-25-2023_R-E3_14778,Palmitic Acid,Palmitic Acid (M+8),heavy,12.05,12.06,1526,702
Lenti-SC_13C_1 hour_Expt I_10-25-2023_R-A6_14784,Palmitic Acid,Palmitic Acid (M+8),heavy,12.05,12.06,4036,1042
Lenti-C_3 hour_Expt I_10-25-2023_R-E4_14792,Palmitic Acid,Palmitic Acid (M+9),heavy,12.05,12.06,725,305
Lenti-C_3 hour_Expt II_10-25-2023_R-E5_14776,Palmitic Acid,Palmitic Acid (M+9),heavy,12.05,12.06,257,110
Lenti-C_3 hour_Expt III_10-25-2023_R-E6_14794,Palmitic Acid,Palmitic Acid (M+9),heavy,12.05,12.06,359,142
Lenti-C_13C_1 hour_Expt I_10-24-2023_R-C6_14764,Palmitic Acid,Palmitic Acid (M+9),heavy,12.05,12.06,471,181
Lenti-C_13C_1 hour_Expt II_10-24-2023_R-D3_14757,Palmitic Acid,Palmitic Acid (M+9),heavy,12.05,12.06,335,195
Lenti-C_13C_1 hour_Expt III_10-25-2023_R-D9_14800,Palmitic Acid,Palmitic Acid (M+9),heavy,12.05,12.06,290,137
Lenti-SC_3 hour_Expt I_10-25-2023_R-E1_14782,Palmitic Acid,Palmitic Acid (M+9),heavy,12.05,12.06,148,154
Lenti-SC_3 hour_Expt II_10-25-2023_R-E2_14786,Palmitic Acid,Palmitic Acid (M+9),heavy,12.05,12.06,1469,295
Lenti-SC_13C_1 hour_Expt II_10-24-2023_R-B3_14774,Palmitic Acid,Palmitic Acid (M+9),heavy,12.05,12.06,595,347
Lenti-SC_13C_1 hour_Expt III_10-25-2023_R-B9_14783,Palmitic Acid,Palmitic Acid (M+9),heavy,12.05,12.06,282,141
Lenti-SC_3 hour_Expt III_10-25-2023_R-E3_14778,Palmitic Acid,Palmitic Acid (M+9),heavy,12.05,12.06,1197,465
Lenti-SC_13C_1 hour_Expt I_10-25-2023_R-A6_14784,Palmitic Acid,Palmitic Acid (M+9),heavy,12.05,12.06,211,151
Lenti-C_3 hour_Expt I_10-25-2023_R-E4_14792,Palmitic Acid,Palmitic Acid (M+10),heavy,12.05,12.04,5076,962
Lenti-C_3 hour_Expt II_10-25-2023_R-E5_14776,Palmitic Acid,Palmitic Acid (M+10),heavy,12.05,12.04,1233,597
Lenti-C_3 hour_Expt III_10-25-2023_R-E6_14794,Palmitic Acid,Palmitic Acid (M+10),heavy,12.05,12.04,1060,447
Lenti-C_13C_1 hour_Expt I_10-24-2023_R-C6_14764,Palmitic Acid,Palmitic Acid (M+10),heavy,12.05,12.04,2728,713
Lenti-C_13C_1 hour_Expt II_10-24-2023_R-D3_14757,Palmitic Acid,Palmitic Acid (M+10),heavy,12.05,12.04,6597,1194
Lenti-C_13C_1 hour_Expt III_10-25-2023_R-D9_14800,Palmitic Acid,Palmitic Acid (M+10),heavy,12.05,12.04,794,424
Lenti-SC_3 hour_Expt I_10-25-2023_R-E1_14782,Palmitic Acid,Palmitic Acid (M+10),heavy,12.05,12.04,2209,637
Lenti-SC_3 hour_Expt II_10-25-2023_R-E2_14786,Palmitic Acid,Palmitic Acid (M+10),heavy,12.05,12.04,1658,821
Lenti-SC_13C_1 hour_Expt II_10-24-2023_R-B3_14774,Palmitic Acid,Palmitic Acid (M+10),heavy,12.05,12.04,4088,668
Lenti-SC_13C_1 hour_Expt III_10-25-2023_R-B9_14783,Palmitic Acid,Palmitic Acid (M+10),heavy,12.05,12.04,1309,692
Lenti-SC_3 hour_Expt III_10-25-2023_R-E3_14778,Palmitic Acid,Palmitic Acid (M+10),heavy,12.05,12.04,2275,1133
Lenti-SC_13C_1 hour_Expt I_10-25-2023_R-A6_14784,Palmitic Acid,Palmitic Acid (M+10),heavy,12.05,12.04,584,331
Lenti-C_3 hour_Expt I_10-25-2023_R-E4_14792,Palmitic Acid,Palmitic Acid (M+11),heavy,12.05,12.04,2684,575
Lenti-C_3 hour_Expt II_10-25-2023_R-E5_14776,Palmitic Acid,Palmitic Acid (M+11),heavy,12.05,12.04,505,153
Lenti-C_3 hour_Expt III_10-25-2023_R-E6_14794,Palmitic Acid,Palmitic Acid (M+11),heavy,12.05,12.04,58,56
Lenti-C_13C_1 hour_Expt I_10-24-2023_R-C6_14764,Palmitic Acid,Palmitic Acid (M+11),heavy,12.05,12.04,1755,508
Lenti-C_13C_1 hour_Expt II_10-24-2023_R-D3_14757,Palmitic Acid,Palmitic Acid (M+11),heavy,12.05,12.04,438,258
Lenti-C_13C_1 hour_Expt III_10-25-2023_R-D9_14800,Palmitic Acid,Palmitic Acid (M+11),heavy,12.05,12.04,3321,516
Lenti-SC_3 hour_Expt I_10-25-2023_R-E1_14782,Palmitic Acid,Palmitic Acid (M+11),heavy,12.05,12.04,1625,545
Lenti-SC_3 hour_Expt II_10-25-2023_R-E2_14786,Palmitic Acid,Palmitic Acid (M+11),heavy,12.05,12.04,2589,351
Lenti-SC_13C_1 hour_Expt II_10-24-2023_R-B3_14774,Palmitic Acid,Palmitic Acid (M+11),heavy,12.05,12.04,1407,227
Lenti-SC_13C_1 hour_Expt III_10-25-2023_R-B9_14783,Palmitic Acid,Palmitic Acid (M+11),heavy,12.05,12.04,720,174
Lenti-SC_3 hour_Expt III_10-25-2023_R-E3_14778,Palmitic Acid,Palmitic Acid (M+11),heavy,12.05,12.04,1273,341
Lenti-SC_13C_1 hour_Expt I_10-25-2023_R-A6_14784,Palmitic Acid,Palmitic Acid (M+11),heavy,12.05,12.04,609,327
Lenti-C_3 hour_Expt I_10-25-2023_R-E4_14792,Palmitic Acid,Palmitic Acid (M+12),heavy,12.05,12.08,1467,463
Lenti-C_3 hour_Expt II_10-25-2023_R-E5_14776,Palmitic Acid,Palmitic Acid (M+12),heavy,12.05,12.08,1097,367
Lenti-C_3 hour_Expt III_10-25-2023_R-E6_14794,Palmitic Acid,Palmitic Acid (M+12),heavy,12.05,12.08,516,192
Lenti-C_13C_1 hour_Expt I_10-24-2023_R-C6_14764,Palmitic Acid,Palmitic Acid (M+12),heavy,12.05,12.08,4657,740
Lenti-C_13C_1 hour_Expt II_10-24-2023_R-D3_14757,Palmitic Acid,Palmitic Acid (M+12),heavy,12.05,12.08,2758,1321
Lenti-C_13C_1 hour_Expt III_10-25-2023_R-D9_14800,Palmitic Acid,Palmitic Acid (M+12),heavy,12.05,12.08,12998,2397
Lenti-SC_3 hour_Expt I_10-25-2023_R-E1_14782,Palmitic Acid,Palmitic Acid (M+12),heavy,12.05,12.08,10814,2477
Lenti-SC_3 hour_Expt II_10-25-2023_R-E2_14786,Palmitic Acid,Palmitic Acid (M+12),heavy,12.05,12.08,17677,1698
Lenti-SC_13C_1 hour_Expt II_10-24-2023_R-B3_14774,Palmitic Acid,Palmitic Acid (M+12),heavy,12.05,12.08,7628,1024
Lenti-SC_13C_1 hour_Expt III_10-25-2023_R-B9_14783,Palmitic Acid,Palmitic Acid (M+12),heavy,12.05,12.08,1508,405
Lenti-SC_3 hour_Expt III_10-25-2023_R-E3_14778,Palmitic Acid,Palmitic Acid (M+12),heavy,12.05,12.08,9558,1852
Lenti-SC_13C_1 hour_Expt I_10-25-2023_R-A6_14784,Palmitic Acid,Palmitic Acid (M+12),heavy,12.05,12.08,2120,743
Lenti-C_3 hour_Expt I_10-25-2023_R-E4_14792,Palmitic Acid,Palmitic Acid (M+13),heavy,12.05,12.06,3861,1415
Lenti-C_3 hour_Expt II_10-25-2023_R-E5_14776,Palmitic Acid,Palmitic Acid (M+13),heavy,12.05,12.06,9136,2220
Lenti-C_3 hour_Expt III_10-25-2023_R-E6_14794,Palmitic Acid,Palmitic Acid (M+13),heavy,12.05,12.06,4948,1172
Lenti-C_13C_1 hour_Expt I_10-24-2023_R-C6_14764,Palmitic Acid,Palmitic Acid (M+13),heavy,12.05,12.06,2180,1004
Lenti-C_13C_1 hour_Expt II_10-24-2023_R-D3_14757,Palmitic Acid,Palmitic Acid (M+13),heavy,12.05,12.06,9261,1821
Lenti-C_13C_1 hour_Expt III_10-25-2023_R-D9_14800,Palmitic Acid,Palmitic Acid (M+13),heavy,12.05,12.06,17684,3040
Lenti-SC_3 hour_Expt I_10-25-2023_R-E1_14782,Palmitic Acid,Palmitic Acid (M+13),heavy,12.05,12.06,5124,2907
Lenti-SC_3 hour_Expt II_10-25-2023_R-E2_14786,Palmitic Acid,Palmitic Acid (M+13),heavy,12.05,12.06,11832,1601
Lenti-SC_13C_1 hour_Expt II_10-24-2023_R-B3_14774,Palmitic Acid,Palmitic Acid (M+13),heavy,12.05,12.06,12321,2005
Lenti-SC_13C_1 hour_Expt III_10-25-2023_R-B9_14783,Palmitic Acid,Palmitic Acid (M+13),heavy,12.05,12.06,4215,1938
Lenti-SC_3 hour_Expt III_10-25-2023_R-E3_14778,Palmitic Acid,Palmitic Acid (M+13),heavy,12.05,12.06,9973,2407
Lenti-SC_13C_1 hour_Expt I_10-25-2023_R-A6_14784,Palmitic Acid,Palmitic Acid (M+13),heavy,12.05,12.06,12205,2777
Lenti-C_3 hour_Expt I_10-25-2023_R-E4_14792,Palmitic Acid,Palmitic Acid (M+14),heavy,12.05,12.06,1158,405
Lenti-C_3 hour_Expt II_10-25-2023_R-E5_14776,Palmitic Acid,Palmitic Acid (M+14),heavy,12.05,12.06,2723,808
Lenti-C_3 hour_Expt III_10-25-2023_R-E6_14794,Palmitic Acid,Palmitic Acid (M+14),heavy,12.05,12.06,1676,503
Lenti-C_13C_1 hour_Expt I_10-24-2023_R-C6_14764,Palmitic Acid,Palmitic Acid (M+14),heavy,12.05,12.06,1828,670
Lenti-C_13C_1 hour_Expt II_10-24-2023_R-D3_14757,Palmitic Acid,Palmitic Acid (M+14),heavy,12.05,12.06,2723,1223
Lenti-C_13C_1 hour_Expt III_10-25-2023_R-D9_14800,Palmitic Acid,Palmitic Acid (M+14),heavy,12.05,12.06,1414,320
Lenti-SC_3 hour_Expt I_10-25-2023_R-E1_14782,Palmitic Acid,Palmitic Acid (M+14),heavy,12.05,12.06,737,320
Lenti-SC_3 hour_Expt II_10-25-2023_R-E2_14786,Palmitic Acid,Palmitic Acid (M+14),heavy,12.05,12.06,1873,707
Lenti-SC_13C_1 hour_Expt II_10-24-2023_R-B3_14774,Palmitic Acid,Palmitic Acid (M+14),heavy,12.05,12.06,3922,894
Lenti-SC_13C_1 hour_Expt III_10-25-2023_R-B9_14783,Palmitic Acid,Palmitic Acid (M+14),heavy,12.05,12.06,1623,430
Lenti-SC_3 hour_Expt III_10-25-2023_R-E3_14778,Palmitic Acid,Palmitic Acid (M+14),heavy,12.05,12.06,419,281
Lenti-SC_13C_1 hour_Expt I_10-25-2023_R-A6_14784,Palmitic Acid,Palmitic Acid (M+14),heavy,12.05,12.06,914,283
Lenti-C_3 hour_Expt I_10-25-2023_R-E4_14792,Palmitic Acid,Palmitic Acid (M+15),heavy,12.05,12.08,848,380
Lenti-C_3 hour_Expt II_10-25-2023_R-E5_14776,Palmitic Acid,Palmitic Acid (M+15),heavy,12.05,12.08,1457,363
Lenti-C_3 hour_Expt III_10-25-2023_R-E6_14794,Palmitic Acid,Palmitic Acid (M+15),heavy,12.05,12.08,1589,336
Lenti-C_13C_1 hour_Expt I_10-24-2023_R-C6_14764,Palmitic Acid,Palmitic Acid (M+15),heavy,12.05,12.08,481,328
Lenti-C_13C_1 hour_Expt II_10-24-2023_R-D3_14757,Palmitic Acid,Palmitic Acid (M+15),heavy,12.05,12.08,898,233
Lenti-C_13C_1 hour_Expt III_10-25-2023_R-D9_14800,Palmitic Acid,Palmitic Acid (M+15),heavy,12.05,12.08,1926,396
Lenti-SC_3 hour_Expt I_10-25-2023_R-E1_14782,Palmitic Acid,Palmitic Acid (M+15),heavy,12.05,12.08,758,277
Lenti-SC_3 hour_Expt II_10-25-2023_R-E2_14786,Palmitic Acid,Palmitic Acid (M+15),heavy,12.05,12.08,925,376
Lenti-SC_13C_1 hour_Expt II_10-24-2023_R-B3_14774,Palmitic Acid,Palmitic Acid (M+15),heavy,12.05,12.08,2245,503
Lenti-SC_13C_1 hour_Expt III_10-25-2023_R-B9_14783,Palmitic Acid,Palmitic Acid (M+15),heavy,12.05,12.08,1218,480
Lenti-SC_3 hour_Expt III_10-25-2023_R-E3_14778,Palmitic Acid,Palmitic Acid (M+15),heavy,12.05,12.08,462,171
Lenti-SC_13C_1 hour_Expt I_10-25-2023_R-A6_14784,Palmitic Acid,Palmitic Acid (M+15),heavy,12.05,12.08,1152,252
Lenti-C_3 hour_Expt I_10-25-2023_R-E4_14792,Palmitic Acid,Palmitic Acid (M+16),heavy,12.05,12.05,183,93
Lenti-C_3 hour_Expt II_10-25-2023_R-E5_14776,Palmitic Acid,Palmitic Acid (M+16),heavy,12.05,12.05,597,130
Lenti-C_3 hour_Expt III_10-25-2023_R-E6_14794,Palmitic Acid,Palmitic Acid (M+16),heavy,12.05,12.05,51,38
Lenti-C_13C_1 hour_Expt I_10-24-2023_R-C6_14764,Palmitic Acid,Palmitic Acid (M+16),heavy,12.05,12.05,47,71
Lenti-C_13C_1 hour_Expt II_10-24-2023_R-D3_14757,Palmitic Acid,Palmitic Acid (M+16),heavy,12.05,12.05,225,206
Lenti-C_13C_1 hour_Expt III_10-25-2023_R-D9_14800,Palmitic Acid,Palmitic Acid (M+16),heavy,12.05,12.05,261,78
Lenti-SC_3 hour_Expt I_10-25-2023_R-E1_14782,Palmitic Acid,Palmitic Acid (M+16),heavy,12.05,12.05,683,360
Lenti-SC_3 hour_Expt II_10-25-2023_R-E2_14786,Palmitic Acid,Palmitic Acid (M+16),heavy,12.05,12.05,291,110
Lenti-SC_13C_1 hour_Expt II_10-24-2023_R-B3_14774,Palmitic Acid,Palmitic Acid (M+16),heavy,12.05,12.05,585,237
Lenti-SC_13C_1 hour_Expt III_10-25-2023_R-B9_14783,Palmitic Acid,Palmitic Acid (M+16),heavy,12.05,12.05,524,171
Lenti-SC_3 hour_Expt III_10-25-2023_R-E3_14778,Palmitic Acid,Palmitic Acid (M+16),heavy,12.05,12.05,390,256
Lenti-SC_13C_1 hour_Expt I_10-25-2023_R-A6_14784,Palmitic Acid,Palmitic Acid (M+16),heavy,12.05,12.05,572,314
Lenti-C_3 hour_Expt I_10-25-2023_R-E4_14792,Serine,Serine (M+0),light,1.26,1.27,12395,4432
Lenti-C_3 hour_Expt II_10-25-2023_R-E5_14776,Serine,Serine (M+0),light,1.26,1.27,80613,44420
Lenti-C_3 hour_Expt III_10-25-2023_R-E6_14794,Serine,Serine (M+0),light,1.26,1.27,97584,44399
Lenti-C_13C_1 hour_Expt I_10-24-2023_R-C6_14764,Serine,Serine (M+0),light,1.26,1.27,41974,29900
Lenti-C_13C_1 hour_Expt II_10-24-2023_R-D3_14757,Serine,Serine (M+0),light,1.26,1.27,15672,8374
Lenti-C_13C_1 hour_Expt III_10-25-2023_R-D9_14800,Serine,Serine (M+0),light,1.26,1.27,89597,48973
Lenti-SC_3 hour_Expt I_10-25-2023_R-E1_14782,Serine,Serine (M+0),light,1.26,1.27,39639,24107
Lenti-SC_3 hour_Expt II_10-25-2023_R-E2_14786,Serine,Serine (M+0),light,1.26,1.27,69996,37250
Lenti-SC_13C_1 hour_Expt II_10-24-2023_R-B3_14774,Serine,Serine (M+0),light,1.26,1.27,84314,52174
Lenti-SC_13C_1 hour_Expt III_10-25-2023_R-B9_14783,Serine,Serine (M+0),light,1.26,1.27,69993,42513
Lenti-SC_3 hour_Expt III_10-25-2023_R-E3_14778,Serine,Serine (M+0),light,1.26,1.27,42966,24495
Lenti-SC_13C_1 hour_Expt I_10-25-2023_R-A6_14784,Serine,Serine (M+0),light,1.26,1.27,35186,20886
Lenti-C_3 hour_Expt I_10-25-2023_R-E4_14792,Serine,Serine (M+1),heavy,1.26,1.28,243,242
Lenti-C_3 hour_Expt II_10-25-2023_R-E5_14776,Serine,Serine (M+1),heavy,1.26,1.28,3439,2415
Lenti-C_3 hour_Expt III_10-25-2023_R-E6_14794,Serine,Serine (M+1),heavy,1.26,1.28,3028,1558
Lenti-C_13C_1 hour_Expt I_10-24-2023_R-C6_14764,Serine,Serine (M+1),heavy,1.26,1.28,4363,3157
Lenti-C_13C_1 hour_Expt II_10-24-2023_R-D3_14757,Serine,Serine (M+1),heavy,1.26,1.28,5984,3483
Lenti-C_13C_1 hour_Expt III_10-25-2023_R-D9_14800,Serine,Serine (M+1),heavy,1.26,1.28,6111,2504
Lenti-SC_3 hour_Expt I_10-25-2023_R-E1_14782,Serine,Serine (M+1),heavy,1.26,1.28,1209,659
Lenti-SC_3 hour_Expt II_10-25-2023_R-E2_14786,Serine,Serine (M+1),heavy,1.26,1.28,3681,2054
Lenti-SC_13C_1 hour_Expt II_10-24-2023_R-B3_14774,Serine,Serine (M+1),heavy,1.26,1.28,7455,4642
Lenti-SC_13C_1 hour_Expt III_10-25-2023_R-B9_14783,Serine,Serine (M+1),heavy,1.26,1.28,5300,3855
Lenti-SC_3 hour_Expt III_10-25-2023_R-E3_14778,Serine,Serine (M+1),heavy,1.26,1.28,845,440
Lenti-SC_13C_1 hour_Expt I_10-25-2023_R-A6_14784,Serine,Serine (M+1),heavy,1.26,1.28,3886,2273
Lenti-C_3 hour_Expt I_10-25-2023_R-E4_14792,Serine,Serine (M+2),heavy,1.26,1.26,14,13
Lenti-C_3 hour_Expt II_10-25-2023_R-E5_14776,Serine,Serine (M+2),heavy,1.26,1.26,454,336
Lenti-C_3 hour_Expt III_10-25-2023_R-E6_14794,Serine,Serine (M+2),heavy,1.26,1.26,308,313
Lenti-C_13C_1 hour_Expt I_10-24-2023_R-C6_14764,Serine,Serine (M+2),heavy,1.26,1.26,2943,2664
Lenti-C_13C_1 hour_Expt II_10-24-2023_R-D3_14757,Serine,Serine (M+2),heavy,1.26,1.26,910,430
Lenti-C_13C_1 hour_Expt III_10-25-2023_R-D9_14800,Serine,Serine (M+2),heavy,1.26,1.26,4450,2879
Lenti-SC_3 hour_Expt I_10-25-2023_R-E1_14782,Serine,Serine (M+2),heavy,1.26,1.26,13,14
Lenti-SC_3 hour_Expt II_10-25-2023_R-E2_14786,Serine,Serine (M+2),heavy,1.26,1.26,785,518
Lenti-SC_13C_1 hour_Expt II_10-24-2023_R-B3_14774,Serine,Serine (M+2),heavy,1.26,1.26,3521,2453
Lenti-SC_13C_1 hour_Expt III_10-25-2023_R-B9_14783,Serine,Serine (M+2),heavy,1.26,1.26,3093,1746
Lenti-SC_3 hour_Expt III_10-25-2023_R-E3_14778,Serine,Serine (M+2),heavy,1.26,1.26,275,164
Lenti-SC_13C_1 hour_Expt I_10-25-2023_R-A6_14784,Serine,Serine (M+2),heavy,1.26,1.26,1407,640
Lenti-C_3 hour_Expt I_10-25-2023_R-E4_14792,Serine,Serine (M+3),heavy,1.26,1.25,1282,380
Lenti-C_3 hour_Expt II_10-25-2023_R-E5_14776,Serine,Serine (M+3),heavy,1.26,1.25,36,42
Lenti-C_3 hour_Expt III_10-25-2023_R-E6_14794,Serine,Serine (M+3),heavy,1.26,1.25,72,63
Lenti-C_13C_1 hour_Expt I_10-24-2023_R-C6_14764,Serine,Serine (M+3),heavy,1.26,1.25,440,460
Lenti-C_13C_1 hour_Expt II_10-24-2023_R-D3_14757,Serine,Serine (M+3),heavy,1.26,1.25,186,139
Lenti-C_13C_1 hour_Expt III_10-25-2023_R-D9_14800,Serine,Serine (M+3),heavy,1.26,1.25,509,320
Lenti-SC_3 hour_Expt I_10-25-2023_R-E1_14782,Serine,Serine (M+3),heavy,1.26,1.25,0,0
Lenti-SC_3 hour_Expt II_10-25-2023_R-E2_14786,Serine,Serine (M+3),heavy,1.26,1.25,2426,677
Lenti-SC_13C_1 hour_Expt II_10-24-2023_R-B3_14774,Serine,Serine (M+3),heavy,1.26,1.25,245,215
Lenti-SC_13C_1 hour_Expt III_10-25-2023_R-B9_14783,Serine,Serine (M+3),heavy,1.26,1.25,572,378
Lenti-SC_3 hour_Expt III_10-25-2023_R-E3_14778,Serine,Serine (M+3),heavy,1.26,1.25,145,262
Lenti-SC_13C_1 hour_Expt I_10-25-2023_R-A6_14784,Serine,Serine (M+3),heavy,1.26,1.25,642,336
Lenti-C_3 hour_Expt I_10-25-2023_R-E4_14792,Glyceryl tripalmitate,Glyceryl tripalmitate (M+0),light,12.71,12.78,10994,1831
Lenti-C_3 hour_Expt II_10-25-2023_R-E5_14776,Glyceryl tripalmitate,Glyceryl tripalmitate (M+0),light,12.71,12.78,8092,2697
Lenti-C_3 hour_Expt III_10-25-2023_R-E6_14794,Glyceryl tripalmitate,Glyceryl tripalmitate (M+0),light,12.71,12.78,10705,2802
Lenti-C_13C_1 hour_Expt I_10-24-2023_R-C6_14764,Glyceryl tripalmitate,Glyceryl tripalmitate (M+0),light,12.71,12.78,3271,1065
Lenti-C_13C_1 hour_Expt II_10-24-2023_R-D3_14757,Glyceryl tripalmitate,Glyceryl tripalmitate (M+0),light,12.71,12.78,17680,6378
Lenti-C_13C_1 hour_Expt III_10-25-2023_R-D9_14800,Glyceryl tripalmitate,Glyceryl tripalmitate (M+0),light,12.71,12.78,139449,6762
Lenti-SC_3 hour_Expt I_10-25-2023_R-E1_14782,Glyceryl tripalmitate,Glyceryl tripalmitate (M+0),light,12.71,12.78,5022,1394
Lenti-SC_3 hour_Expt II_10-25-2023_R-E2_14786,Glyceryl tripalmitate,Glyceryl tripalmitate (M+0),light,12.71,12.78,18712,2949
Lenti-SC_13C_1 hour_Expt II_10-24-2023_R-B3_14774,Glyceryl tripalmitate,Glyceryl tripalmitate (M+0),light,12.71,12.78,12951,1622
Lenti-SC_13C_1 hour_Expt III_10-25-2023_R-B9_14783,Glyceryl tripalmitate,Glyceryl tripalmitate (M+0),light,12.71,12.78,7786,2068
Lenti-SC_3 hour_Expt III_10-25-2023_R-E3_14778,Glyceryl tripalmitate,Glyceryl tripalmitate (M+0),light,12.71,12.78,13366,1701
Lenti-SC_13C_1 hour_Expt I_10-25-2023_R-A6_14784,Glyceryl tripalmitate,Glyceryl tripalmitate (M+0),light,12.71,12.78,9464,1429
Lenti-C_3 hour_Expt I_10-25-2023_R-E4_14792,Glyceryl tripalmitate,Glyceryl tripalmitate (M+1),heavy,12.71,12.72,5475,1832
Lenti-C_3 hour_Expt II_10-25-2023_R-E5_14776,Glyceryl tripalmitate,Glyceryl tripalmitate (M+1),heavy,12.71,12.72,12098,1931
Lenti-C_3 hour_Expt III_10-25-2023_R-E6_14794,Glyceryl tripalmitate,Glyceryl tripalmitate (M+1),heavy,12.71,12.72,12165,2197
Lenti-C_13C_1 hour_Expt I_10-24-2023_R-C6_14764,Glyceryl tripalmitate,Glyceryl tripalmitate (M+1),heavy,12.71,12.72,5570,1137
Lenti-C_13C_1 hour_Expt II_10-24-2023_R-D3_14757,Glyceryl tripalmitate,Glyceryl tripalmitate (M+1),heavy,12.71,12.72,828,599
Lenti-C_13C_1 hour_Expt III_10-25-2023_R-D9_14800,Glyceryl tripalmitate,Glyceryl tripalmitate (M+1),heavy,12.71,12.72,8346,1615
Lenti-SC_3 hour_Expt I_10-25-2023_R-E1_14782,Glyceryl tripalmitate,Glyceryl tripalmitate (M+1),heavy,12.71,12.72,11385,1454
Lenti-SC_3 hour_Expt II_10-25-2023_R-E2_14786,Glyceryl tripalmitate,Glyceryl tripalmitate (M+1),heavy,12.71,12.72,12790,4787
Lenti-SC_13C_1 hour_Expt II_10-24-2023_R-B3_14774,Glyceryl tripalmitate,Glyceryl tripalmitate (M+1),heavy,12.71,12.72,6176,1337
Lenti-SC_13C_1 hour_Expt III_10-25-2023_R-B9_14783,Glyceryl tripalmitate,Glyceryl tripalmitate (M+1),heavy,12.71,12.72,12878,3235
Lenti-SC_3 hour_Expt III_10-25-2023_R-E3_14778,Glyceryl tripalmitate,Glyceryl tripalmitate (M+1),heavy,12.71,12.72,4544,1848
Lenti-SC_13C_1 hour_Expt I_10-25-2023_R-A6_14784,Glyceryl tripalmitate,Glyceryl tripalmitate (M+1),heavy,12.71,12.72,3651,1173
Lenti-C_3 hour_Expt I_10-25-2023_R-E4_14792,Glyceryl tripalmitate,Glyceryl tripalmitate (M+2),heavy,12.71,12.74,6637,2587
Lenti-C_3 hour_Expt II_10-25-2023_R-E5_14776,Glyceryl tripalmitate,Glyceryl tripalmitate (M+2),heavy,12.71,12.74,10442,2874
Lenti-C_3 hour_Expt III_10-25-2023_R-E6_14794,Glyceryl tripalmitate,Glyceryl tripalmitate (M+2),heavy,12.71,12.74,6728,2512
Lenti-C_13C_1 hour_Expt I_10-24-2023_R-C6_14764,Glyceryl tripalmitate,Glyceryl tripalmitate (M+2),heavy,12.71,12.74,6740,1398
Lenti-C_13C_1 hour_Expt II_10-24-2023_R-D3_14757,Glyceryl tripalmitate,Glyceryl tripalmitate (M+2),heavy,12.71,12.74,11709,4521
Lenti-C_13C_1 hour_Expt III_10-25-2023_R-D9_14800,Glyceryl tripalmitate,Glyceryl tripalmitate (M+2),heavy,12.71,12.74,4354,1089
Lenti-SC_3 hour_Expt I_10-25-2023_R-E1_14782,Glyceryl tripalmitate,Glyceryl tripalmitate (M+2),heavy,12.71,12.74,4394,1462
Lenti-SC_3 hour_Expt II_10-25-2023_R-E2_14786,Glyceryl tripalmitate,Glyceryl tripalmitate (M+2),heavy,12.71,12.74,16777,5375
Lenti-SC_13C_1 hour_Expt II_10-24-2023_R-B3_14774,Glyceryl tripalmitate,Glyceryl tripalmitate (M+2),heavy,12.71,12.74,2528,878
Lenti-SC_13C_1 hour_Expt III_10-25-2023_R-B9_14783,Glyceryl tripalmitate,Glyceryl tripalmitate (M+2),heavy,12.71,12.74,7843,1936
Lenti-SC_3 hour_Expt III_10-25-2023_R-E3_14778,Glyceryl tripalmitate,Glyceryl tripalmitate (M+2),heavy,12.71,12.74,10216,3124
Lenti-SC_13C_1 hour_Expt I_10-25-2023_R-A6_14784,Glyceryl tripalmitate,Glyceryl tripalmitate (M+2),heavy,12.71,12.74,9326,2200
Lenti-C_3 hour_Expt I_10-25-2023_R-E4_14792,Glyceryl tripalmitate,Glyceryl tripalmitate (M+3),heavy,12.71,12.72,576,471
Lenti-C_3 hour_Expt II_10-25-2023_R-E5_14776,Glyceryl tripalmitate,Glyceryl tripalmitate (M+3),heavy,12.71,12.72,1655,687
Lenti-C_3 hour_Expt III_10-25-2023_R-E6_14794,Glyceryl tripalmitate,Glyceryl tripalmitate (M+3),heavy,12.71,12.72,1538,670
Lenti-C_13C_1 hour_Expt I_10-24-2023_R-C6_14764,Glyceryl tripalmitate,Glyceryl tripalmitate (M+3),heavy,12.71,12.72,3439,1418
Lenti-C_13C_1 hour_Expt II_10-24-2023_R-D3_14757,Glyceryl tripalmitate,Glyceryl tripalmitate (M+3),heavy,12.71,12.72,1868,876
Lenti-C_13C_1 hour_Expt III_10-25-2023_R-D9_14800,Glyceryl tripalmitate,Glyceryl tripalmitate (M+3),heavy,12.71,12.72,1633,851
Lenti-SC_3 hour_Expt I_10-25-2023_R-E1_14782,Glyceryl tripalmitate,Glyceryl tripalmitate (M+3),heavy,12.71,12.72,1760,992
Lenti-SC_3 hour_Expt II_10-25-2023_R-E2_14786,Glyceryl tripalmitate,Glyceryl tripalmitate (M+3),heavy,12.71,12.72,5424,1117
Lenti-SC_13C_1 hour_Expt II_10-24-2023_R-B3_14774,Glyceryl tripalmitate,Glyceryl tripalmitate (M+3),heavy,12.71,12.72,6752,902
Lenti-SC_13C_1 hour_Expt III_10-25-2023_R-B9_14783,Glyceryl tripalmitate,Glyceryl tripalmitate (M+3),heavy,12.71,12.72,2239,778
Lenti-SC_3 hour_Expt III_10-25-2023_R-E3_14778,Glyceryl tripalmitate,Glyceryl tripalmitate (M+3),heavy,12.71,12.72,2885,849
Lenti-SC_13C_1 hour_Expt I_10-25-2023_R-A6_14784,Glyceryl tripalmitate,Glyceryl tripalmitate (M+3),heavy,12.71,12.72,2756,1075
