﻿From,To,Genes
Q96PD7,DGAT2,Dgat2
Q6ZNB7,AGMO,Agmo
Q96PD6,MOGAT1,Mogat1
Q3SYC2,MOGAT2,Mogat2
Q86VF5,MOGAT3,Mogat3
Q9BQK8,LPIN3,Lpin3
Q92539,LPIN2,Lpin2
Q14693,LPIN1,Lpin1
O75907,DGAT1,Dgat1
Q14410,GK2,Gk2
Q14409,GK3,Gk3
P32189,GK,Gk
Q6NUI2,GPAT2,Gpat2
Q9HCL2,GPAM,Gpam
Q05469,LIPE,Lipe
P41247,PNPLA4,Pnpla4
O60664,PLIN3,Plin3
P15090,FABP4,Fabp4
Q99685,MGLL,Mgll
O60240,PLIN1,Plin1
Q8WTS1,ABHD5,Abhd5
P43304,GPD2,Gpd2
P36873,PPP1CC,Ppp1Cc
P62136,PPP1CA,Ppp1Ca
P62140,PPP1CB,Ppp1Cb
Q7Z6Z6,PNPLA5,Pnpla5
P17612,PRKACA,Prkaca
P22694,PRKACB,Prkacb
P22612,PRKACG,Prkacg
Q03135,CAV1,Cav1
Q0Z7S8,FABP9,Fabp9
O15540,FABP7,Fabp7
P12104,FABP2,Fabp2
P07148,FABP1,Fabp1
P51161,FABP6,Fabp6
P05413,FABP3,Fabp3
A6NFH5,FABP12,Fabp12
Q01469,FABP5,Fabp5
,PNPLA2,Pnpla2
,PLIN2,Plin2
,PLIN4,Plin4
,PLIN5,Plin5
,PNLIP,Pnlip
,LIPC,Lipc
,PLPP5,Plpp5
,PLPP4,Plpp4
,LPL,Lpl
,G0S2,G0S2
,GPAT1,Gpat1
,GPAT3,Gpat3
,GPAT4,Gpat4
,AGPAT1,Agpat1
,AGPAT2,Agpat2
,AGPAT3,Agpat3
,AGPAT4,Agpat4
,AGPAT5,Agpat5