,,,,,,,,,,,,,,,,,,,,,,,,,,,,,,,,,,Class,Blank,Blank,Blank,Blank,Blank,Blank,Blank,Blank,13C_KD_T0,13C_KD_T0,13C_KD_T0,13C_KD_T1,13C_KD_T1,13C_KD_T1,13C_KD_T2,13C_KD_T2,13C_KD_T2,13C_KD_T3,13C_KD_T3,13C_KD_T3,KD_T0,KD_T0,KD_T0,KD_T1,KD_T1,KD_T1,KD_T2,KD_T2,KD_T2,KD_T3,KD_T3,KD_T3,13C_SC_T0,13C_SC_T0,13C_SC_T0,13C_SC_T1,13C_SC_T1,13C_SC_T1,13C_SC_T2,13C_SC_T2,13C_SC_T2,13C_SC_T3,13C_SC_T3,13C_SC_T3,SC_T0,SC_T0,SC_T0,SC_T1,SC_T1,SC_T1,SC_T2,SC_T2,SC_T2,SC_T3,SC_T3,SC_T3,QC,QC,QC,QC,QC,QC,NA,NA,NA,NA,NA,NA,NA,NA,NA,NA,NA,NA,NA,NA,NA,NA,NA,NA,NA,NA,NA,NA,NA,NA,NA,NA,NA,NA,NA,NA,NA,NA,NA,NA,NA,NA
,,,,,,,,,,,,,,,,,,,,,,,,,,,,,,,,,,File type,Blank,Blank,Blank,Blank,Blank,Blank,Blank,Blank,Sample,Sample,Sample,Sample,Sample,Sample,Sample,Sample,Sample,Sample,Sample,Sample,Sample,Sample,Sample,Sample,Sample,Sample,Sample,Sample,Sample,Sample,Sample,Sample,Sample,Sample,Sample,Sample,Sample,Sample,Sample,Sample,Sample,Sample,Sample,Sample,Sample,Sample,Sample,Sample,Sample,Sample,Sample,Sample,Sample,Sample,Sample,Sample,QC,QC,QC,QC,QC,QC,NA,NA,NA,NA,NA,NA,NA,NA,NA,NA,NA,NA,NA,NA,NA,NA,NA,NA,NA,NA,NA,NA,NA,NA,NA,NA,NA,NA,NA,NA,NA,NA,NA,NA,NA,NA
,,,,,,,,,,,,,,,,,,,,,,,,,,,,,,,,,,Injection order,1,2,3,4,5,6,7,8,9,10,11,12,13,14,15,16,17,18,19,20,21,22,23,24,25,26,27,28,29,30,31,32,33,34,35,36,37,38,39,40,41,42,43,44,45,46,47,48,49,50,51,52,53,54,55,56,57,58,59,60,61,62,NA,NA,NA,NA,NA,NA,NA,NA,NA,NA,NA,NA,NA,NA,NA,NA,NA,NA,NA,NA,NA,NA,NA,NA,NA,NA,NA,NA,NA,NA,NA,NA,NA,NA,NA,NA
,,,,,,,,,,,,,,,,,,,,,,,,,,,,,,,,,,Batch ID,1,1,1,1,1,1,1,1,1,1,1,1,1,1,1,1,1,1,1,1,1,1,1,1,1,1,1,1,1,1,1,1,1,1,1,1,1,1,1,1,1,1,1,1,1,1,1,1,1,1,1,1,1,1,1,1,1,1,1,1,1,1,Average,Average,Average,Average,Average,Average,Average,Average,Average,Average,Average,Average,Average,Average,Average,Average,Average,Average,Stdev,Stdev,Stdev,Stdev,Stdev,Stdev,Stdev,Stdev,Stdev,Stdev,Stdev,Stdev,Stdev,Stdev,Stdev,Stdev,Stdev,Stdev
Alignment ID,Average Rt(min),Average Mz,Metabolite name,Adduct type,Post curation result,Fill %,MS/MS assigned,Reference RT,Reference m/z,Formula,Ontology,INCHIKEY,SMILES,Annotation tag (VS1.0),RT matched,m/z matched,MS/MS matched,Comment,Manually modified for quantification,Manually modified for annotation,Isotope tracking parent ID,Isotope tracking weight number,RT similarity,m/z similarity,Simple dot product,Weighted dot product,Reverse dot product,Matched peaks count,Matched peaks percentage,Total score,S/N average,Spectrum reference file name,MS1 isotopic spectrum,MS/MS spectrum,BLK0_10-4-2023_B-F4_13980,BLK1_10-4-2023_B-F4_13981,BLK2_10-4-2023_B-F4_13992,BLK3_10-4-2023_B-F4_14003,BLK4_10-4-2023_B-F4_14014,BLK5_10-4-2023_B-F4_14025,BLK6_10-5-2023_B-F4_14039,BLKend_10-5-2023_B-F4_14041,Lenti-C_13C_Time 0_Expt I_10-4-2023_B-B4_14023,Lenti-C_13C_Time 0_Expt II_10-5-2023_B-B8_14030,Lenti-C_13C_Time 0_Expt III_10-4-2023_B-C3_14013,Lenti-C_13C_Time 1_Expt I_10-4-2023_B-B5_13990,Lenti-C_13C_Time 1_Expt II_10-4-2023_B-B9_14018,Lenti-C_13C_Time 1_Expt III_10-5-2023_B-C4_14027,Lenti-C_13C_Time 2_Expt I_10-5-2023_B-B6_14037,Lenti-C_13C_Time 2_Expt II_10-4-2023_B-C1_14006,Lenti-C_13C_Time 2_Expt III_10-5-2023_B-C5_14032,Lenti-C_13C_Time 3_Expt I_10-4-2023_B-B7_13997,Lenti-C_13C_Time 3_Expt II_10-4-2023_B-C2_13987,Lenti-C_13C_Time 3_Expt III_10-5-2023_B-C6_14038,Lenti-C_Time 0_Expt I_10-4-2023_B-E1_14002,Lenti-C_Time 0_Expt II_10-4-2023_B-E5_14017,Lenti-C_Time 0_Expt III_10-5-2023_B-E9_14028,Lenti-C_Time 1_Expt I_10-4-2023_B-E2_13988,Lenti-C_Time 1_Expt II_10-4-2023_B-E6_14001,Lenti-C_Time 1_Expt III_10-4-2023_B-F1_14000,Lenti-C_Time 2_Expt I_10-4-2023_B-E3_14016,Lenti-C_Time 2_Expt II_10-4-2023_B-E7_13985,Lenti-C_Time 2_Expt III_10-4-2023_B-F2_13996,Lenti-C_Time 3_Expt I_10-4-2023_B-E4_13989,Lenti-C_Time 3_Expt II_10-4-2023_B-E8_14008,Lenti-C_Time 3_Expt III_10-4-2023_B-F3_13994,Lenti-SC_13C_Time 0_Expt I_10-5-2023_B-A1_14029,Lenti-SC_13C_Time 0_Expt II_10-4-2023_B-A5_14019,Lenti-SC_13C_Time 0_Expt III_10-4-2023_B-A9_14012,Lenti-SC_13C_Time 1_Expt I_10-4-2023_B-A2_13986,Lenti-SC_13C_Time 1_Expt II_10-4-2023_B-A6_13995,Lenti-SC_13C_Time 1_Expt III_10-5-2023_B-B1_14036,Lenti-SC_13C_Time 2_Expt I_10-4-2023_B-A3_14020,Lenti-SC_13C_Time 2_Expt II_10-4-2023_B-A7_14021,Lenti-SC_13C_Time 2_Expt III_10-5-2023_B-B2_14031,Lenti-SC_13C_Time 3_Expt I_10-4-2023_B-A4_13983,Lenti-SC_13C_Time 3_Expt II_10-4-2023_B-A8_13999,Lenti-SC_13C_Time 3_Expt III_10-5-2023_B-B3_14034,Lenti-SC_Time 0_Expt I_10-4-2023_B-C7_13998,Lenti-SC_Time 0_Expt II_10-5-2023_B-D2_14035,Lenti-SC_Time 0_Expt III_10-4-2023_B-D6_14010,Lenti-SC_Time 1_Expt I_10-4-2023_B-C8_14005,Lenti-SC_Time 1_Expt II_10-4-2023_B-D3_13984,Lenti-SC_Time 1_Expt III_10-4-2023_B-D7_14022,Lenti-SC_Time 2_Expt I_10-4-2023_B-C9_14011,Lenti-SC_Time 2_Expt II_10-4-2023_B-D4_14009,Lenti-SC_Time 2_Expt III_10-4-2023_B-D8_13991,Lenti-SC_Time 3_Expt I_10-4-2023_B-D1_14024,Lenti-SC_Time 3_Expt II_10-4-2023_B-D5_14007,Lenti-SC_Time 3_Expt III_10-5-2023_B-D9_14033,QC1_10-4-2023_B-F5_13982,QC2_10-4-2023_B-F5_13993,QC3_10-4-2023_B-F5_14004,QC4_10-4-2023_B-F5_14015,QC5_10-5-2023_B-F5_14026,QC6_10-5-2023_B-F5_14040,Blank,13C_KD_T0,13C_KD_T1,13C_KD_T2,13C_KD_T3,KD_T0,KD_T1,KD_T2,KD_T3,13C_SC_T0,13C_SC_T1,13C_SC_T2,13C_SC_T3,SC_T0,SC_T1,SC_T2,SC_T3,QC,Blank,13C_KD_T0,13C_KD_T1,13C_KD_T2,13C_KD_T3,KD_T0,KD_T1,KD_T2,KD_T3,13C_SC_T0,13C_SC_T1,13C_SC_T2,13C_SC_T3,SC_T0,SC_T1,SC_T2,SC_T3,QC
2523,6.426,584.52191,DG 32:1|DG 16:0_16:1,[M+NH4]+,null,0.55,True,10.440,584.52490,C35H66O5,DG,ADLOEVQMJKYKSR-UHFFFAOYSA-N,O=C(OCC(OC(=O)CCCCCCCC=CCCCCCC)CO)CCCCCCCCCCCCCCC,410,False,True,True,Normalized unit: NormalizedByInternalStandardPeakHeight; Annotation method: Msp20230821112155_conventional_converted_dev_1; Tag: Confirmed,False,False,2523,0,0.00,1.00,0.56,0.54,0.90,4.00,1.75,2.25,52.82,Lenti-SC_Time 1_Expt II_10-4-2023_B-D3_13984,584.52441:25182 584.61847:126 584.63843:252 584.67413:116 584.71613:92 584.74951:142 584.79980:120 584.83350:110 584.92828:120 585.00757:272 585.06848:68 585.09113:102 585.14288:132 585.21228:224 585.23724:150 585.30786:68 585.33746:102 585.37952:54 585.41241:812 585.45026:4120 585.52838:10412 585.61554:128 585.63580:84 585.69019:238 585.75232:128 585.82373:82 585.85846:202 585.89838:300 585.98560:108 586.02167:120 586.15588:92 586.17975:62 586.26562:54 586.29401:104 586.35077:98 586.36926:104 586.40186:474 586.45288:1272 586.52997:1958 586.57874:120 586.60272:62,154.13000:41 163.14629:39 203.10753:35 222.87769:40 237.22627:41 285.24228:28 311.25809:289 313.27292:260 315.27039:46 339.07300:42 354.11792:17 371.24313:39 466.09583:36 491.90826:40 549.48578:150 584.52863:88,1968,1129,2446,1468,2218,2648,1546,1665,7550,4454,7119,5302,5184,8658,7001,3484,5823,5978,6953,3978,36566,32711,46557,34295,30796,43558,43827,36499,43718,41756,33151,35243,12519,6407,7134,8702,5373,6529,6422,15700,7774,10140,11335,7231,81609,129018,138175,66406,109532,102499,79945,125441,91513,93158,118284,89634,42622,40622,41660,41297,46375,42034,1885.871734375,6374.41358333333,6381.44304166666,5436.01256249999,5636.32972916666,38611.38675,36216.1523541667,41347.8539375002,36716.6826458334,8687.00875000001,6867.99687499998,9965.11225000003,9569.07660416665,116267.68925,92812.4365625004,98966.2556874998,100358.596916666,42434.9282916667,524.090735406349,1676.73741655074,1972.69892908062,1790.3055900253,1516.77821278208,7146.29446748124,6594.22326050214,4199.48886194795,4487.40536181787,3338.83931882476,1690.25948423571,5012.22257237401,2110.73149889581,30362.1381841775,23137.3641942874,23645.8442529679,15623.8233279671,2044.60304968911
2545,7.078,586.54041,DG 32:0|DG 16:0_16:0,[M+NH4]+,null,1.00,True,11.520,586.54053,C35H68O5,DG,JEJLGIQLPYYGEE-UHFFFAOYSA-N,O=C(OCC(OC(=O)CCCCCCCCCCCCCCC)CO)CCCCCCCCCCCCCCC,410,False,True,True,Normalized unit: NormalizedByInternalStandardPeakHeight; Annotation method: Msp20230821112155_conventional_converted_dev_1; Tag: Confirmed,False,False,2545,0,0.00,1.00,0.78,0.74,0.86,3.00,2.00,2.48,520.36,Lenti-SC_Time 0_Expt I_10-4-2023_B-C7_13998,586.53961:348230 586.61871:252 586.64539:262 586.68921:214 586.71497:160 586.74036:178 586.77271:158 586.80225:200 586.83142:224 586.85425:202 586.88593:162 586.92151:190 586.96057:294 586.99176:76 587.02448:96 587.06763:722 587.09528:226 587.12299:192 587.14832:106 587.19928:134 587.24347:324 587.26508:204 587.28162:236 587.34161:394 587.37036:210 587.40887:678 587.44965:296 587.54291:135020 587.62939:440 587.70123:210 587.73431:392 587.76788:164 587.79803:132 587.82434:102 587.86200:58 587.88037:114 587.90033:96 587.93005:282 587.97388:166 588.00867:366 588.03461:68 588.07117:136 588.10724:150 588.15619:84 588.19421:132 588.21362:118 588.25464:162 588.29272:90 588.31268:86 588.33301:218 588.35449:366 588.38379:216 588.40894:208 588.43634:366 588.48761:236 588.54663:32624 588.61584:188 588.63715:214,125.13120:108 151.15082:47 163.14627:35 201.43689:17 221.22598:44 239.23607:79 257.24579:84 267.27435:40 294.73105:17 313.05054:41 313.27307:5452 314.27606:992 315.28107:97 316.72861:34 331.27908:86 419.73929:17 439.88766:17 540.30713:37 551.50269:1393 569.51154:75 591.50208:48,9028,8947,8554,8526,9116,9153,5976,9326,18366,16289,21398,16675,18172,22041,19660,15751,19740,20981,19226,24649,1080661,844398,1102931,958784,698334,1023031,1064324,736888,704354,908737,583252,664474,21939,17758,16844,19398,20121,16701,19725,19005,21231,24009,21709,19853,1307909,1348672,1402500,797781,891603,879913,745573,845780,655503,813934,704250,576318,457456,471697,476556,480699,501792,483058,8578.2773359375,18684.2394583334,18962.7115416667,18383.9325625,21618.8505833334,1009330.03064583,893383.097374999,835188.704354167,718821.219479166,18846.8381875,18740.0507083334,19987.1442916667,21857.0020625,1353026.68883333,856432.537895837,748952.1220625,698167.337333332,478542.976343749,1088.35908890501,2569.35023974042,2769.26583621288,2280.60883807964,2767.39102255871,143268.723296613,171944.498002345,199102.758717334,169411.589933492,2716.35717191371,1802.14682625021,1136.00015917425,2081.69069092937,47445.5823519043,51129.1348427549,95183.6235330689,118924.520474473,14567.22030626
2702,7.085,602.59216,DG 32:0|DG 16:0_16:0 (M+16),[M+H-H2O]+,null,0.48,True,12.340,602.58710,C40H77NO3,Cer_NS,XKPGDLCCIXPEQV-UHFFFAOYSA-N,O=C(NC(CO)C(O)C=CCCC=CCCCCCC)CCCCCCCCCCCCCCCCCCCCCCCC,530,False,True,False,Normalized unit: Intensity; Annotation method: Msp20230821112155_conventional_converted_dev_1; Tag: Confirmed,False,False,2702,0,0.00,0.89,0.03,0.03,0.47,6.00,0.17,0.76,143.84,Lenti-SC_13C_Time 2_Expt I_10-4-2023_B-A3_14020,602.59296:25652 602.71191:206 602.74670:410 602.84717:114 602.92023:80 602.96472:186 603.04260:92 603.07489:126 603.12640:204 603.25867:56 603.33746:66 603.36066:74 603.40271:438 603.42493:258 603.44513:258 603.49164:86 603.51959:98 603.59540:5620 603.66101:56 603.71942:92 603.76056:100 603.89429:120 603.92865:170 604.04468:106 604.09479:178 604.24561:130 604.31659:70 604.41101:124 604.45160:240 604.50641:158 604.56616:3516 604.59833:2686 604.65375:80,121.15843:51 141.47044:17 198.20538:31 220.21324:38 237.15326:24 273.30051:26 285.24277:44 299.28802:43 313.27316:96 329.32648:163 415.24921:44 507.16049:42 533.04785:30 567.55872:152 601.44598:59,20,20,89,72,150,163,323,29,154291,106563,183600,113304,112767,147368,124426,103325,130695,117492,103851,139166,80,90,221,299,252,140,137,50,353,314,117,149,166731,124335,99918,116364,121047,96651,96193,108390,106155,113156,118083,91642,73,348,388,63,86,40,139,105,226,164,63,354,61378,65521,64558,64896,67192,65369,108.3447890625,148151.141645834,124479.5845625,119482.041458333,120169.8763125,130.3054375,230.411729166665,180.195229166666,193.390270833332,130327.8186875,111354.256166667,103579.357916667,107627.344104167,269.569708333332,63.2567500000002,156.5405,193.445875000001,64818.9160416666,103.055488580983,38883.9531610043,19823.421519705,14339.0787836818,17808.8776393489,78.8860771730104,81.9830415372375,156.138666233864,105.431956240342,33807.2518539332,12946.7035245486,6493.60253829778,14061.082739546,171.463119297587,23.1705467723674,62.5191060115893,147.944508980128,1915.16989636204
2797,7.809,614.57074,DG 34:0|DG 16:0_18:0,[M+NH4]+,null,0.97,True,12.880,614.57178,C37H72O5,DG,ONCLVQFEAFTXMN-UHFFFAOYSA-N,O=C(OCC(OC(=O)CCCCCCCCCCCCCCCCC)CO)CCCCCCCCCCCCCCC,410,False,True,True,Normalized unit: NormalizedByInternalStandardPeakHeight; Annotation method: Msp20230821112155_conventional_converted_dev_1; Tag: Confirmed,False,False,2797,0,0.00,1.00,0.89,0.87,0.88,4.00,1.75,2.38,93.46,Lenti-SC_Time 1_Expt II_10-4-2023_B-D3_13984,614.57190:55062 614.65631:130 614.68201:96 614.70471:98 614.74304:90 614.76929:196 614.79199:60 614.81696:102 614.83771:122 614.86908:72 614.90881:110 614.93872:98 614.96271:166 614.99408:176 615.02130:190 615.05475:146 615.08081:88 615.11816:70 615.16089:108 615.30249:58 615.33685:112 615.37054:178 615.39203:344 615.40558:286 615.44092:784 615.49182:1104 615.57477:22152 615.65057:82 615.67938:110 615.69421:158 615.75293:352 615.78180:152 615.93341:244 615.95123:224 616.05640:140 616.08612:454 616.13110:72 616.16895:130 616.20709:74 616.23096:66 616.26172:80 616.32727:66 616.36896:134 616.41327:960 616.42786:1182 616.48859:306 616.53357:382 616.57758:5072 616.65582:182,173.15390:45 257.24738:26 313.27396:443 341.30350:498 415.25186:25 579.53528:400,7860,6523,8156,6821,8059,7375,7409,7682,17667,15666,22772,17604,17308,20466,18224,17842,18623,19504,20546,22751,262879,209914,264257,255905,203316,269012,304511,230688,224782,291789,191074,202931,16212,16088,10947,15338,15531,14413,16318,15202,15721,17651,17573,16063,310906,311818,317186,212228,237199,222473,216616,242411,188760,246070,218041,179246,133515,136358,132191,144601,140671,138249,7485.717546875,18701.9180208333,18459.2716041667,18229.4805,20933.8571041667,245683.49575,242744.128270833,253327.047458333,228597.845958333,14415.7505833333,15093.8005625,15747.1030625,17095.7317708334,313303.243,223966.385395833,215929.073708333,214452.5281875,137597.40721875,578.694948720227,3664.4703951439,1743.90090330669,390.632227510209,1657.7480732799,30984.7029360623,34769.23920781,44424.7308984851,55045.202526716,3004.36237521777,597.394797703389,558.874337429097,895.129561729803,3393.18781615334,12552.2260906263,26832.3438828635,33556.3491251722,4611.87537286282
2820,6.419,616.63000,DG 32:1|DG 16:0_16:1 (M+32),[M+H]+,null,0.48,True,null,null,null,null,null,null,999,False,False,False,Normalized unit: Intensity; Tag: Confirmed,False,False,2820,0,0.00,null,null,null,null,null,null,null,33.43,Lenti-SC_13C_Time 0_Expt I_10-5-2023_B-A1_14029,616.63116:24792 616.74878:1244 616.81000:126 616.84229:136 616.90344:174 616.93585:116 616.96954:130 617.00623:80 617.04059:102 617.08002:680 617.12061:74 617.17157:106 617.36096:108 617.42120:262 617.46466:138 617.49097:190 617.51294:138 617.59125:192 617.63464:900 617.69934:106 617.73102:252 617.75073:142 617.77808:92 617.82397:96 617.86743:100 617.89551:106 617.94543:92 617.98657:108 618.05615:108 618.09003:136 618.13416:116 618.16064:66 618.26593:76 618.32355:150 618.34363:104 618.37079:102 618.39435:136 618.47321:272 618.53418:58 618.58038:1624 618.64154:626 618.72314:76,133.08716:59 169.01109:36 191.52982:26 220.93306:49 260.21970:26 283.27362:40 328.31543:277 410.79941:21 491.85092:52 531.75281:39 581.59277:147 597.39868:33 616.74799:81,73,201,441,38,50,90,100,164,32028,21380,34978,19073,21733,30115,23387,15634,22428,20035,17406,21890,73,365,425,128,213,162,156,40,675,516,98,276,95867,73782,58277,55175,64931,50705,39412,61241,53577,44887,60867,46699,528,70,559,980,163,170,72,306,82,423,423,36,20560,20720,21779,20330,23601,22206,144.559164062499,29462.07625,23640.3341458333,20483.2238333333,19776.8786875,287.546041666663,167.524375000001,290.616145833335,296.767479166665,75975.3585625001,56936.9109166667,51409.7764374999,50817.5045,385.874812499999,437.518249999999,153.117979166667,294.113958333333,21532.7012291667,132.086819585337,7153.23208465684,5763.16592967217,4226.41876065638,2253.49062109077,188.491411670381,42.3605750294802,338.248249524841,209.803281844622,18890.6850740119,7274.75215673863,11074.825291049,8750.05438870032,273.853418426982,469.68414557091,132.254360963221,223.268570469105,1252.39998893942
2845,7.083,618.64594,DG 32:0|DG 16:0_16:0 (M+32),[M+H]+,null,0.48,True,null,null,null,null,null,null,999,False,False,False,Normalized unit: Intensity; Tag: Confirmed,False,False,2845,0,0.00,null,null,null,null,null,null,null,724.48,Lenti-C_13C_Time 0_Expt III_10-4-2023_B-C3_14013,618.64526:252268 618.76477:434 618.79449:202 618.86273:142 618.88831:150 618.92700:142 618.99921:74 619.02942:88 619.05078:314 619.07446:202 619.10980:92 619.13452:58 619.16211:194 619.20038:94 619.23602:118 619.28864:96 619.31873:108 619.35925:108 619.38239:82 619.43591:84 619.46027:56 619.48633:78 619.52100:534 619.58380:6216 619.65027:12830 619.71863:192 619.74188:110 619.79156:58 619.83441:178 619.87561:106 619.89929:170 619.93427:140 619.97284:134 620.00317:130 620.05383:68 620.13940:60 620.17407:148 620.19446:146 620.23883:226 620.34546:722 620.40021:164 620.42725:150 620.45245:104 620.48120:190 620.52313:134 620.58655:1308 620.65222:3562,117.12849:78 132.14696:143 160.16840:48 183.18648:40 201.14186:43 213.85803:19 228.24303:30 237.27910:37 255.29060:74 273.30017:76 291.31180:89 329.32584:3372 330.33047:187 357.37628:38 454.61658:17 583.60992:894 618.64233:106,21,188,311,166,92,88,148,113,891096,601340,996518,593622,477807,688883,537441,497107,496611,457740,363786,450692,98,231,149,88,424,303,159,227,70,219,344,231,897941,645674,495773,548996,496349,378694,375838,419177,357520,368610,360045,267247,189,143,28,355,155,209,116,363,84,299,450,109,265387,272037,269266,284204,311884,286545,140.804617187499,829651.077354169,586770.671625001,510386.501291666,424072.678895834,159.5748125,271.533624999999,152.175562500001,264.655333333334,679795.918520833,474679.484083334,384178.188875,331967.4166875,120.310875,239.487604166667,187.512208333332,285.982458333332,281553.721666666,86.3054994894034,204628.976005312,105704.507824177,23431.5924154014,52328.9796513112,67.1778499490503,170.154195918421,78.5713779139749,68.8928645237695,203243.688404333,87194.6562451975,31663.2282924834,56212.5932754553,82.8548391962376,103.162940326674,152.577051381084,170.635318548297,17057.3264951643
2941,7.813,630.62585,DG 34:0|DG 16:0_18:0 (M+16),[M+H-H2O]+,null,0.48,True,12.990,630.61841,C42H81NO3,Cer_NS,ASVYVBLABSOACH-UHFFFAOYSA-N,O=C(NC(CO)C(O)C=CCCC=CCCC)CCCCCCCCCCCCCCCCCCCCCCCCCCCCC,530,False,True,False,Normalized unit: Intensity; Annotation method: Msp20230821112155_conventional_converted_dev_1; Tag: Confirmed,False,False,2941,0,0.00,0.90,0.00,0.01,0.09,6.00,0.17,0.60,102.47,QC4_10-4-2023_B-F5_14015,630.62421:9748 630.68561:464 630.74011:82 630.76733:324 630.79523:214 630.85242:118 630.88873:108 630.95270:228 631.01703:166 631.04144:194 631.09454:1056 631.18652:64 631.22424:220 631.24957:104 631.32214:142 631.36218:152 631.43018:886 631.46478:248 631.49170:200 631.52924:126 631.56671:118 631.58221:134 631.62695:2828 631.66992:162 631.71100:250 631.75995:668 631.81519:106 631.83600:120 631.88599:66 631.91302:308 632.00769:194 632.09888:376 632.13928:162 632.20459:166 632.22455:80 632.29895:158 632.32477:134 632.37964:120 632.42365:330 632.49969:102 632.52356:264 632.55847:442 632.59479:2304 632.63043:1170 632.68646:120 632.71960:160,147.64253:17 169.09738:40 174.23875:17 196.18895:38 224.58856:17 238.98267:37 257.02847:17 279.83685:49 298.90955:61 313.27448:37 329.32574:195 341.30554:217 357.35553:53 415.24402:38 459.28485:31 502.98877:57 523.83673:72 569.86041:38 595.58514:181 629.55530:93,45,25,148,188,57,173,86,247,103597,75584,117243,89077,75303,97950,92468,72960,82311,87419,69347,91579,155,447,47,464,41,50,246,269,443,481,281,158,94186,68409,48704,69762,65793,51619,60419,56339,51437,69891,63353,46121,334,1126,272,67,277,341,96,667,367,813,84,139,39673,40413,38442,41425,41223,42347,121.1954609375,98808.2573541664,87443.2166041666,82579.8398958334,82781.4965833334,216.596625,184.829895833334,319.451666666666,306.219791666666,70432.9640416665,62391.1350625001,56064.7626875,59788.6054166668,577.563791666667,228.01175,376.493125000001,345.490833333334,40587.3921458333,79.4898401212026,21238.254643459,11411.4748305982,9756.57148212695,11819.546091406,206.841600648457,241.427889723894,107.504910786639,163.062452583049,22808.5775031182,9537.87043935164,4497.37557621851,12279.3826180137,475.839538816578,143.369124346707,285.405020093301,405.707988206999,1390.85788382803
2983,6.387,634.54083,DG 36:4|DG 16:0_20:4,[M+NH4]+,null,0.76,True,10.680,634.54053,C39H68O5,DG,GYMMHHODMBOFGD-UHFFFAOYSA-N,O=C(OCC(OC(=O)CCCCCCC=CCC=CCC=CCC=CCC)CO)CCCCCCCCCCCCCCC,410,False,True,True,Normalized unit: NormalizedByInternalStandardPeakHeight; Annotation method: Msp20230821112155_conventional_converted_dev_1; Tag: Confirmed,False,False,2983,0,0.00,0.99,0.32,0.38,0.89,4.00,2.00,2.31,54.30,Lenti-C_Time 2_Expt III_10-4-2023_B-F2_13996,634.53906:11692 634.59686:464 634.67700:134 634.75079:60 634.79150:134 634.90350:118 635.06165:120 635.12897:56 635.15302:118 635.18341:96 635.20868:170 635.23718:72 635.39136:336 635.44855:228 635.54407:5058 635.60547:170 635.64093:134 635.70129:56 635.72742:130 635.74823:272 635.76709:278 635.93591:188 636.11584:106 636.19385:90 636.37482:186 636.40033:108 636.43127:682 636.46155:466 636.54938:1306 636.59967:100 636.63995:102,125.13289:61 148.11688:49 150.11929:17 157.10141:30 176.11255:73 185.13231:55 203.17970:97 221.17422:42 241.20102:29 269.22635:105 287.23788:62 300.14749:32 313.27414:228 322.88034:17 331.28214:35 341.21970:45 361.27292:114 371.56271:17 395.12604:17 472.34213:17 488.62323:17 499.02319:17 574.81818:31 599.51251:64 617.51691:35 632.94208:17,1830,388,1045,2663,1311,1723,3314,1187,11330,10303,13502,8318,10210,11289,9630,9463,9832,9093,8049,10501,51458,54353,68121,54623,47158,61711,59739,50480,51350,56680,42622,42315,12392,11846,9766,10368,11234,9965,9525,10971,11103,11275,12347,9550,71795,78492,83941,50863,58329,57878,54196,61297,54101,59841,55866,46235,32690,35441,36017,36414,34035,35555,1682.53440625,11711.7867708333,9938.81745833333,9641.57054166666,9213.9355,57977.5215833333,54497.5264791666,53856.4003125,47205.7891041666,11334.8278125,10522.3322708333,10533.0958333333,11057.36375,78075.8990000001,55689.9531458333,56531.4984583333,53980.4828541667,35025.53875,934.340561522679,1633.31511051083,1504.00679662256,184.823172460957,1230.47832681988,8903.04348786243,7277.41234374394,5113.04261494654,8206.63757625673,1385.78413899853,647.954930022766,875.5416448586,1411.06165229791,6083.86013822619,4186.73653484108,4127.54093486439,6995.6972019252,1399.89616585651
3050,11.662,642.61884,CE 16:0,[M+NH4]+,null,0.87,True,14.780,642.61841,C43H76O2,CE,BBJQPKLGPMQWBU-UHFFFAOYSA-N,O=C(OC1CC2=CCC3C(CCC4(C)C(CCC34)C(C)CCCC(C)C)C2(C)CC1)CCCCCCCCCCCCCCC,410,False,True,True,Normalized unit: NormalizedByInternalStandardPeakHeight; Annotation method: Msp20230821112155_conventional_converted_dev_1; Tag: Confirmed,False,False,3050,0,0.00,1.00,0.45,0.55,0.70,3.00,1.33,1.87,57.12,Lenti-SC_Time 0_Expt II_10-5-2023_B-D2_14035,642.61865:29896 642.70319:144 642.74030:140 642.81250:76 642.89447:128 642.93420:66 642.97858:70 643.01740:98 643.08087:160 643.13287:56 643.17645:76 643.20215:66 643.28778:60 643.31976:154 643.36774:152 643.40601:318 643.45685:152 643.48364:272 643.51959:110 643.54456:166 643.62128:12890 643.68744:88 643.71924:70 643.77002:102 643.80627:84 643.91919:228 643.97852:118 644.00989:148 644.10822:54 644.13525:146 644.19244:126 644.26306:194 644.33459:168 644.37695:312 644.39929:182 644.42834:298 644.49677:1392 644.54803:224 644.62476:3720,119.08347:93 135.11664:105 161.13231:143 173.13182:57 189.16310:78 201.16310:89 204.18188:83 217.19456:40 233.22163:59 259.23840:73 287.27716:49 369.35062:1100 377.32968:41 419.21161:17 487.20764:17 624.35822:44 644.48694:43,5354,3384,2561,4268,3689,4476,4306,3842,17410,15433,25026,13389,13506,17256,16208,12443,16741,13946,13492,16300,42380,45536,64513,33125,35935,55610,50458,45702,49211,42854,38195,40817,30730,37383,30332,24496,27854,25238,20939,28378,25585,19786,25220,25103,77411,132485,114427,54857,85483,68527,57106,89698,68004,61653,94217,62859,39308,42263,42013,42800,43329,45355,3984.8713671875,19289.6247291666,14716.9827291667,15131.0281666667,14579.2634999999,50809.6628541668,41556.4307291665,48456.8573541666,40622.1609166668,32815.0269166667,25862.5911666668,24967.400375,23369.786375,108107.962208334,69622.0215624996,71602.6904583335,72909.5688333332,42511.4486354167,827.71405542804,5065.48504301465,2199.63817491087,2342.77695676016,1507.4076781025,11971.7549550414,12251.2410256446,2466.23940235267,2335.5670699878,3960.79799502076,1764.40557742321,3757.95347579377,3104.0393873735,28075.4788272538,15342.3500537794,16591.0838973805,18462.5002615989,1970.25896652155
3130,6.388,650.59192,DG 36:4|DG 16:0_20:4 (M+16),[M+NH4]+,null,0.48,True,14.170,650.58710,C44H72O2,BRSE,YGKYOABLBWWXHC-UHFFFAOYSA-N,O=C(OC1CC2=CCC3C(CCC4(C)C(CCC34)C(C=CC(C)C(C)C)C)C2(C)CC1)CCCCCCCC=CCC=CCCC,530,False,True,False,Normalized unit: Intensity; Annotation method: Msp20230821112155_conventional_converted_dev_1; Tag: Confirmed,False,False,3130,0,0.00,0.97,0.01,0.11,0.13,2.00,0.50,0.88,49.84,QC4_10-4-2023_B-F5_14015,650.59052:6912 650.64716:76 650.69922:122 650.73944:166 650.79010:126 650.81921:84 650.95544:312 651.01715:68 651.04944:110 651.10687:746 651.13965:108 651.19604:54 651.30939:66 651.36334:142 651.44446:1636 651.51807:138 651.59351:2284 651.71094:188 651.77997:452 651.87390:208 651.95203:634 652.08911:208 652.11426:400 652.24207:104 652.28418:98 652.40961:714 652.43915:452 652.48352:92 652.51404:86 652.56262:108 652.60004:558 652.67603:156,133.08348:45 160.38489:17 172.10782:35 191.18005:52 204.18367:54 226.95625:45 234.91571:45 329.32870:103 356.62558:17 362.26974:53 393.86935:33 422.54034:17 523.77997:17 616.56573:64 633.56970:66 649.51770:69 650.57245:59,0,0,152,45,42,0,66,75,53435,44243,64962,43023,39500,49438,46999,39166,41591,38723,33291,37582,0,94,181,139,113,0,0,0,0,279,123,0,61108,49731,41555,45026,41628,35305,38760,42560,41893,43474,44922,36436,0,0,121,0,0,104,0,96,0,0,0,0,23453,22973,23089,24667,25019,26047,47.5145781249997,54213.1103958333,43986.8011041666,42585.1586041666,36532.0809791666,91.6045833333339,84.2734999999995,0,134.057541666666,50797.9224791667,40653.1337708333,41070.8565625001,41610.5498541667,40.2651041666667,34.6393749999996,31.9831875000002,0,24208.0352604167,51.7699790392678,10381.3403691555,5038.80114967385,4010.12208079561,2863.95648078139,90.5790971931045,74.1409356007188,0,139.961022947704,9819.86672486289,4933.16685626898,2028.92305927615,4539.73576801737,69.74120618872,59.9971574424304,55.3965057380022,0,1232.88824385122
3202,11.663,658.67224,CE 16:0 (M+16),[M+H]+,null,0.48,True,null,null,null,null,null,null,999,False,False,False,Normalized unit: Intensity; Tag: Confirmed,False,False,3202,0,0.00,null,null,null,null,null,null,null,21.49,Lenti-SC_13C_Time 0_Expt II_10-4-2023_B-A5_14019,658.66998:17290 658.75745:62 658.86401:104 658.89471:104 658.94031:76 658.97052:174 659.04761:164 659.06677:238 659.09576:152 659.24744:92 659.29645:60 659.39331:124 659.46307:1900 659.50598:898 659.67450:5148 659.74561:208 659.78638:202 659.81891:78 659.84137:172 659.91968:110 659.96393:386 660.00244:172 660.06946:88 660.11127:450 660.36169:68 660.44354:1392 660.52020:344 660.57178:140 660.63348:58 660.67969:1216 660.77856:1572,125.13179:76 133.08672:81 135.11804:123 147.11647:153 161.13228:183 163.14552:50 175.14655:150 178.11507:79 189.16357:77 203.17644:90 219.20857:68 233.22815:142 243.20885:54 257.22394:71 274.25900:44 287.27054:55 315.19180:76 339.33069:77 366.59866:58 369.35089:1753 371.35519:69 377.90649:39 386.37308:40 418.58850:43 428.02292:32 438.80597:49 454.84842:28 459.27817:28 497.83203:40 503.31085:41 516.50372:33 544.72070:76 575.14539:44 630.08765:90 658.47833:130 660.45410:157 661.43323:71 662.47089:56,418,87,67,126,206,302,198,221,45340,34963,49656,24603,28562,38648,32669,21541,29316,26297,32671,31612,162,233,45,109,478,163,334,73,339,101,257,208,46465,87351,57748,38036,66787,47242,32503,59376,48053,31782,55217,37495,33,66,108,94,85,273,115,105,178,63,31,97,22931,21875,23004,21613,23002,22989,203.02109375,43319.5752291666,30604.29775,27842.055375,30193.3003541666,146.8891875,250.145854166666,248.6465,188.992104166666,63854.9121041668,50688.5168125002,46644.1043124999,41498.2892708333,68.8590625000002,150.757166666668,133.1473125,63.6181458333324,22569.3465104167,116.117073565208,7552.0950843307,7241.90871556016,5708.81187279518,3415.65979075344,94.7267090126295,199.533453564574,152.031351663083,79.8794312149264,21116.1138407848,14681.9480373704,13491.8822421366,12219.7027416929,37.7218387393677,106.269566451485,39.5964917702542,32.9143763572337,644.878510096693
5496,11.053,796.73804,TG 46:0|TG 14:0_16:0_16:0,[M+NH4]+,null,1.00,True,14.280,796.73889,C49H94O6,TG,JWVXCFSNEOMSHH-UHFFFAOYSA-N,O=C(OCC(OC(=O)CCCCCCCCCCCCCCC)COC(=O)CCCCCCCCCCCCCCC)CCCCCCCCCCCCC,410,False,True,True,Normalized unit: NormalizedByInternalStandardPeakHeight; Annotation method: Msp20230821112155_conventional_converted_dev_1; Tag: Confirmed,False,False,5496,0,0.00,1.00,0.57,0.62,0.81,4.00,1.75,2.23,73.41,Lenti-SC_Time 1_Expt II_10-4-2023_B-D3_13984,796.73785:26862 796.87262:180 796.93530:190 796.96954:170 797.05408:290 797.11761:78 797.15918:104 797.21985:146 797.33221:76 797.38904:148 797.46143:246 797.54614:256 797.59235:234 797.64478:224 797.74225:12816 797.82141:150 797.85089:306 797.86957:240 797.91315:78 797.94855:214 797.97559:132 798.00012:98 798.04041:150 798.05664:186 798.15143:124 798.21399:128 798.24506:114 798.27472:106 798.29816:142 798.38440:242 798.45746:278 798.50391:98 798.53387:362 798.55951:162 798.58020:278 798.61603:86 798.74481:3680 798.80493:238 798.83429:184,169.15839:31 211.20406:40 221.06664:56 285.24207:33 313.14557:39 410.90985:17 469.30884:38 523.47095:285 551.50250:161 598.27161:17 641.33899:33 671.56689:24 796.73932:124,24253,17874,21676,19668,20023,21341,22219,20294,26364,25208,25435,25978,24460,25040,24523,22406,21941,26342,23707,26429,124956,129460,163285,99150,112776,143431,130141,120619,123557,120656,101912,111811,26661,20190,19724,28568,20331,22267,55334,19559,21751,21749,23856,23501,111414,162716,138704,75530,103488,103077,80230,117910,83078,94737,100358,76604,67814,71287,79859,74877,83953,67963,20918.3413828124,25669.0966666666,25159.4344791666,22956.4447916666,25492.35525,139233.6380625,118451.932583334,124772.042229167,111459.458875,22191.844,23721.9961458333,32214.8754375,23035.1926041667,137611.183666667,94031.7722291669,93739.7271875001,90566.2766250002,74292.18090625,1911.97046860942,612.682765794738,766.186330987426,1375.9920391841,1546.92421519858,20950.3119369559,22679.59337888,4875.85532219123,9377.02133440662,3877.47833692317,4306.69680011917,20051.8635804582,1127.69033509154,25668.6844601297,16024.3868203308,20980.7741397355,12413.6759093539,6568.3000137662
6093,11.552,824.76776,TG 48:0|TG 16:0_16:0_16:0,[M+NH4]+,null,1.00,True,14.600,824.77020,C51H98O6,TG,PVNIQBQSYATKKL-UHFFFAOYSA-N,O=C(OCC(OC(=O)CCCCCCCCCCCCCCC)COC(=O)CCCCCCCCCCCCCCC)CCCCCCCCCCCCCCC,410,False,True,True,Normalized unit: NormalizedByInternalStandardPeakHeight; Annotation method: Msp20230821112155_conventional_converted_dev_1; Tag: Confirmed,False,False,6093,0,0.00,1.00,0.54,0.55,0.84,3.00,2.00,2.38,904.80,Lenti-SC_Time 1_Expt III_10-4-2023_B-D7_14022,824.76990:260198 824.85614:566 824.90790:658 824.98389:200 825.03528:570 825.09088:402 825.15344:258 825.21558:140 825.24854:142 825.27991:100 825.30530:96 825.34082:228 825.37189:174 825.40186:324 825.43646:282 825.48505:312 825.51495:220 825.54108:332 825.60791:392 825.77344:144108 825.87115:374 825.91528:396 825.95093:220 825.98627:402 826.05023:312 826.07532:172 826.13104:202 826.16199:394 826.20630:202 826.24438:168 826.29431:132 826.32770:140 826.37872:276 826.46375:116 826.50476:376 826.55920:716 826.59131:522 826.66675:198 826.70642:254 826.77618:46670 826.87109:238,123.11681:469 137.13118:232 151.14812:171 165.16389:175 179.17955:113 197.18771:51 221.22719:85 239.23779:1057 257.24835:120 313.27652:356 331.70251:44 432.37695:57 467.92270:36 508.35699:64 524.48163:121 550.11090:47 551.28943:77 551.50275:8957 552.02820:44 552.50684:2635 553.17291:41 553.50861:491 554.51807:81 555.37469:43 558.60352:33 579.54810:153 630.78693:52 674.03558:75 752.51532:39 807.74512:24 823.52405:64 824.77026:1366 825.77222:721 826.77264:326 829.72876:264,26124,26153,28192,29307,23758,25247,28480,18256,45478,37854,46351,69206,31490,35183,31895,36381,31442,52681,35944,31343,2087934,1999887,2450601,1315532,1477070,2059496,2168437,1609450,1519193,1769682,1183587,1296365,46443,33040,31383,54696,29391,29392,236814,35546,30295,24665,39605,32545,1747185,2368146,2075999,956693,1276870,1138074,961535,1084500,821683,976229,870923,727785,773252,796469,795842,778951,810526,804845,25689.5803984375,43227.7483958334,45292.7795833334,33239.5231875,39989.3366875,2179474.26058334,1617366.0836875,1765693.18470833,1416544.56058334,36955.5046458333,37826.2270833333,100884.95775,32271.4233958333,2063776.50414583,1123878.93575,955906.126854162,858312.295562503,793314.252031248,3519.83893623205,4674.00738525873,20791.4293650663,2730.31100796789,11229.0950964957,238894.209744793,391322.142718422,351693.351915688,310980.692617908,8258.35107958165,14609.4760140752,117747.62368549,7473.73889126865,310661.183455321,160559.475518045,131498.919488467,124700.853400179,14521.3703449634
6187,11.054,828.84253,TG 46:0|TG 14:0_16:0_16:0 (M+32),[M+H-H2O]+,null,0.16,True,15.210,828.85309,C56H111NO3,Cer_NDS,JZEQJSOSOBKHSI-UHFFFAOYSA-N,O=C(NC(CO)C(O)CCCCCCCCCCCCCCC)CCCCCCCCCCCCCCCCCCCCCCCCCC=CCCCCCCCCCC,530,False,True,False,Normalized unit: Intensity; Annotation method: Msp20230821112155_conventional_converted_dev_1; Tag: Confirmed,False,False,6187,0,0.00,0.87,0.00,0.01,0.09,6.00,0.17,0.58,42.89,Lenti-SC_13C_Time 0_Expt II_10-4-2023_B-A5_14019,828.84418:6372 828.99658:68 829.05896:568 829.15259:246 829.20197:94 829.23474:128 829.27698:254 829.31097:138 829.35144:122 829.44373:102 829.46802:156 829.51849:384 829.55255:428 829.59131:230 829.63043:234 829.65015:194 829.68231:238 829.79395:80868 829.98138:400 830.02600:96 830.07037:198 830.09583:186 830.14838:232 830.18524:90 830.25549:234 830.33362:282 830.36981:172 830.42096:286 830.46362:248 830.51221:150 830.53021:152 830.58472:292 830.61493:196 830.66998:322 830.70850:454 830.73090:484 830.79877:46226 830.90454:222 830.93237:136 830.95001:110,117.08849:68 121.10073:111 134.15320:71 137.13379:75 158.96190:62 165.92538:68 172.20251:24 190.62044:55 200.94257:53 204.95096:37 225.22131:123 242.92218:46 254.28398:58 272.29443:122 300.16833:68 337.97757:54 364.63345:20 384.94989:18 397.27005:28 422.09955:31 434.88882:39 460.78467:36 488.88339:31 523.47137:543 539.52563:269 553.58051:101 570.54486:947 583.61230:170 604.38739:63 619.53418:43 635.77185:58 673.07214:57 706.96655:54 745.63953:63 752.12726:55 781.65350:81 813.77704:62 818.23248:56 826.55548:119 827.57526:159 828.75061:153 829.79639:644 830.79437:221,47,207,175,60,194,281,98,513,39704,29240,44565,27915,24704,39773,31517,23319,29993,29236,26212,30727,99,69,191,133,161,423,344,431,743,58,393,124,25414,32270,26180,20909,27081,23493,22009,24915,19688,18048,22106,17015,251,441,443,78,209,248,472,234,161,357,46,105,14523,14617,14926,15888,14792,15357,196.657710937498,37836.4906666666,30797.5034166665,28276.1713333333,28724.8037708333,119.5669375,239.369541666669,506.035374999999,191.366437500003,27954.5689583333,23827.4417916666,22204.0118333334,19056.29975,378.430145833333,178.666104166665,289.272395833333,169.269104166666,15017.2210625,150.506557257349,7831.28809666724,7937.4359192033,4360.3271667243,2300.40093594604,63.2778977351885,159.949815713903,209.536343265064,177.677541893438,3756.73918987334,3099.39341379083,2619.1264673195,2690.93207489585,110.142996457753,89.1541243751679,162.433387666806,165.169119560276,517.223813164521
6376,11.784,838.78662,TG 49:0|TG 16:0_16:0_17:0,[M+NH4]+,null,0.53,True,14.820,838.78583,C52H100O6,TG,TTWJTJMWHOYBPQ-UHFFFAOYSA-N,O=C(OCC(OC(=O)CCCCCCCCCCCCCCC)COC(=O)CCCCCCCCCCCCCCCC)CCCCCCCCCCCCCCC,410,False,True,True,Normalized unit: NormalizedByInternalStandardPeakHeight; Annotation method: Msp20230821112155_conventional_converted_dev_1; Tag: Confirmed,False,False,6376,0,0.00,1.00,0.30,0.37,0.79,4.00,1.75,2.11,36.60,Lenti-C_Time 0_Expt II_10-4-2023_B-E5_14017,838.78491:9288 838.90710:112 838.94360:98 838.97626:130 839.00201:96 839.03693:132 839.07678:98 839.11005:154 839.14319:160 839.20142:182 839.23602:112 839.31714:240 839.34320:174 839.36908:136 839.39789:90 839.45203:194 839.49194:204 839.52472:148 839.62189:160 839.65735:222 839.74835:2278 839.78839:5404 839.85028:210 839.89526:180 839.94830:146 839.99438:128 840.03687:196 840.08868:110 840.13800:70 840.23120:132 840.28137:74 840.36646:140 840.39105:106 840.44904:194 840.47913:468 840.52875:118 840.58862:196 840.61993:174 840.70288:340 840.74701:2144 840.79504:1670 840.84467:236 840.87817:148,123.11633:48 126.15817:17 151.04459:17 173.07779:38 179.17717:43 218.91750:31 226.95177:42 239.23404:48 248.98193:48 266.26828:52 274.54031:26 300.26456:42 334.89096:64 385.82449:40 424.85587:50 494.06943:17 523.46851:31 537.48450:68 551.49866:135 565.51965:228 579.52710:51 622.56659:33 654.15143:17 773.11121:42 818.77185:21 838.78760:125 841.74365:50,9274,7633,5905,8879,8151,8593,9755,4635,7933,11711,11066,11469,5773,7685,9694,10434,10450,8608,13460,13190,46400,45282,55076,36090,39882,62150,60594,43846,44250,49673,38903,38066,12333,7910,8531,8093,7701,3914,11831,10627,12668,7500,15832,5615,26793,34244,34050,20577,24464,23236,32885,23486,24691,20163,24785,19203,33514,23867,22554,25013,24787,24721,7853.07753125,10236.5500000001,8309.14354166666,10192.5760416667,11752.6796249999,48919.3897916668,46040.7718125,49563.3707708335,42214.2906666666,9591.38383333329,6569.32614583338,11708.7990625,9648.94924999999,31695.7062916667,22758.8167291666,27020.6999375,21383.5738958334,25742.5126354167,1753.71847835924,2021.12893147327,2898.99069792675,431.868333074484,2726.65168007823,5361.20340662825,14079.1951936084,9554.92754200108,6473.2952455258,2394.93932255863,2308.09929761726,1026.13687901071,5437.12888088865,4246.56991851121,1986.5227175516,5114.6123091083,2984.112114617,3913.32704711317
6413,11.550,840.82288,TG 48:0|TG 16:0_16:0_16:0 (M+16),[M+Na]+,null,0.48,True,15.020,840.81427,C54H107NO3,Cer_NS,YZWCXKXYDXDQIU-UHFFFAOYSA-N,O=C(NC(CO)C(O)C=CCCCCCCCCCCCCC)CCCCCCCCCCCCCCCCCCCCCCCCCCCCCCCCCCC,410,False,True,True,Normalized unit: Intensity; Annotation method: Msp20230821112155_conventional_converted_dev_1; Tag: Confirmed,False,False,6413,0,0.00,0.95,0.13,0.14,0.75,2.00,2.00,2.14,45.97,Lenti-SC_13C_Time 0_Expt I_10-5-2023_B-A1_14029,840.81940:7780 840.91187:158 840.96649:384 841.04462:58 841.07471:250 841.10431:184 841.20740:58 841.29034:108 841.34833:136 841.41229:92 841.48047:360 841.53082:110 841.56915:146 841.62476:134 841.75006:188 841.82343:2824 841.89404:130 841.94971:114 842.02112:166 842.06000:84 842.08478:110 842.14368:168 842.22253:266 842.29846:126 842.36865:78 842.39783:320 842.49683:204 842.56702:446 842.64056:188 842.82758:1358,117.11868:22 138.74603:17 154.71986:17 173.09827:17 211.20309:37 239.24115:22 255.28763:56 264.24954:17 270.41684:17 329.97369:39 367.19034:38 409.08331:17 449.10370:33 485.11591:34 509.75262:30 551.50244:141 567.55292:190 626.74133:46 691.08374:37 708.73138:38 775.76056:50 780.68744:49 797.03534:43 814.07599:48 840.83044:155 843.72504:59,106,362,425,324,91,262,394,170,52102,44912,69582,41361,43110,57695,49037,35865,48352,42470,44285,56689,170,195,446,222,89,225,155,138,112,1058,66,218,33723,42045,31413,26057,34253,29679,26407,35012,29785,26647,33481,27189,91,312,136,274,517,298,100,175,239,739,360,118,20091,21130,21847,21901,21098,22621,266.685296875,55531.8215833335,47388.5031666666,44418.0872499998,47815.002375,270.5336875,178.769645833333,134.727791666667,447.579166666667,35727.2066666667,29996.4594374999,30401.4262083334,29105.8735833334,179.670270833334,363.360895833333,171.213770833333,405.971354166667,21448.0246354166,130.67235669059,12687.6641412655,8968.16539046826,7414.7892843754,7738.91948371829,152.872653991695,77.6957398269156,21.7289698438276,534.438035911968,5591.97072855641,4106.82460657402,4335.5637899586,3798.95784078629,116.996673942648,133.991737114851,69.4974577193678,312.82052136632,872.50219361997
6462,11.051,842.88947,TG 46:0|TG 14:0_16:0_16:0 (M+46),[M+H]+,null,0.48,True,null,null,null,null,null,null,999,False,False,False,Normalized unit: Intensity; Tag: Confirmed,False,False,6462,0,0.00,null,null,null,null,null,null,null,52.93,Lenti-C_13C_Time 0_Expt III_10-4-2023_B-C3_14013,842.89093:18084 842.98975:182 843.03217:114 843.07703:326 843.10675:152 843.21863:94 843.24286:178 843.34351:134 843.38190:90 843.54102:62 843.58093:280 843.68054:1018 843.75879:1980 843.81128:1688 843.89655:804 843.94489:392 843.97626:146 844.04730:144 844.08887:398 844.14154:148 844.18701:80 844.35333:94 844.38904:150 844.44067:104 844.49481:114 844.54395:356 844.57141:462 844.61511:112 844.68152:486 844.76147:660 844.81915:870 844.86249:188 844.89764:314 844.93719:124 844.96783:130,121.15846:40 154.84280:17 164.96736:17 192.22250:34 212.40050:17 255.29092:38 269.29126:17 310.84442:17 473.89627:30 497.39169:54 539.54761:48 553.57190:326 567.43317:35 583.60553:83 641.86200:39 709.13916:24 839.70990:79 842.89093:121 844.80121:39,222,172,250,322,370,211,303,134,67445,52407,81291,41393,38621,59124,42411,37326,40020,35372,33899,38046,39,180,336,314,364,446,332,81,330,103,682,115,37421,53853,40663,24698,36402,27861,20037,29012,22700,17141,22822,17671,290,241,401,121,220,177,302,222,183,523,311,504,20660,21072,20469,20795,22661,20770,248.0172578125,67047.8003541666,46379.1159791664,39918.9972499999,35772.3814791666,185.132229166666,374.863770833335,247.591729166668,299.96675,43978.92525,29653.824125,23916.3637291667,19211.7245416666,310.992979166671,172.346875000002,235.607937500005,446.169729166666,21071.1362604167,79.4492260818837,14446.0975990194,11124.1663386075,2544.29663836916,2102.57810316915,148.702498520857,66.5221509344601,144.199781817978,330.956644765709,8703.89435720346,6054.65358613053,4609.08106299399,3138.12378695737,82.0109292215783,49.4306181499646,60.6048924851522,117.032755844553,803.113538842966
6595,11.557,850.78253,TG 50:1|TG 16:0_16:0_18:1,[M+NH4]+,null,1.00,True,14.620,850.78583,C53H100O6,TG,YHMDGPZOSGBQRH-UHFFFAOYSA-N,O=C(OCC(OC(=O)CCCCCCCCCCCCCCC)COC(=O)CCCCCCCCCCCCCCC)CCCCCCCC=CCCCCCCCC,410,False,True,True,Normalized unit: NormalizedByInternalStandardPeakHeight; Annotation method: Msp20230821112155_conventional_converted_dev_1; Tag: Confirmed,False,False,6595,0,0.00,1.00,0.47,0.62,0.82,4.00,2.00,2.37,226.58,Lenti-C_Time 3_Expt I_10-4-2023_B-E4_13989,850.78485:54076 850.93634:152 851.00293:124 851.07562:572 851.12445:148 851.19086:160 851.22504:282 851.36169:160 851.39478:138 851.42920:136 851.48468:200 851.51660:108 851.56610:238 851.59979:280 851.69312:266 851.78729:37188 851.89673:220 851.93872:206 851.96667:112 851.99475:196 852.04572:244 852.15851:92 852.17786:104 852.21747:90 852.30280:92 852.33582:254 852.37598:162 852.47302:210 852.51630:56 852.58514:426 852.64209:110 852.68555:188 852.78864:16010,123.11381:47 135.11583:116 141.16313:78 153.12607:110 239.23463:84 257.24384:78 266.25418:75 369.36621:17 387.79102:17 440.30640:17 501.61450:32 551.50122:232 577.51898:301 781.20465:17 833.77228:49 850.79175:182,65551,60383,53788,60389,58574,63580,57517,57570,80746,82862,100223,78057,75751,86877,81099,75303,82743,78275,74104,80990,352274,425244,590425,274409,335681,499352,361492,379559,413243,336293,324215,350718,69823,71779,63267,63726,66600,61368,84838,67769,75806,66210,78996,66567,495629,877266,749848,310496,514106,450728,333748,536396,387319,356763,487911,358649,250760,271875,271977,276940,274019,269518,59669.04815625,87943.7148958335,80228.5200625001,79714.7802916665,77789.6987708333,455980.961041667,369814.041479166,384764.584229166,337075.064520834,68289.7249791667,63897.8927916665,76137.7330000002,70590.7343958333,707580.949749999,425110.1571875,419154.259083332,401107.937166668,269181.359729166,3698.25184146687,10686.8862269226,5872.37551778624,3908.53998023285,3468.58756590825,122014.2211398,116290.727345733,26265.0483245895,13268.9161238341,4458.26624060275,2620.12846407128,8539.26759155713,7280.97462283623,194297.533627922,104194.746078043,105007.92107297,75180.0014187468,9360.66954209831
6632,11.990,852.80194,TG 50:0|TG 16:0_16:0_18:0,[M+NH4]+,null,0.98,True,14.970,852.80151,C53H102O6,TG,DQKMNCLZNGAXNX-UHFFFAOYSA-N,O=C(OCC(OC(=O)CCCCCCCCCCCCCCC)COC(=O)CCCCCCCCCCCCCCCCC)CCCCCCCCCCCCCCC,410,False,True,True,Normalized unit: NormalizedByInternalStandardPeakHeight; Annotation method: Msp20230821112155_conventional_converted_dev_1; Tag: Confirmed,False,False,6632,0,0.00,0.99,0.63,0.71,0.88,4.00,1.75,2.28,492.69,Lenti-SC_Time 2_Expt I_10-4-2023_B-C9_14011,852.79950:130620 852.91113:558 852.93835:230 852.99585:198 853.03326:266 853.08435:176 853.18451:206 853.25641:106 853.33423:516 853.43652:176 853.47815:116 853.49542:146 853.53156:256 853.57373:178 853.60205:174 853.67889:330 853.80298:76342 853.89124:418 853.93884:254 853.97321:194 854.03674:184 854.07666:200 854.13226:188 854.16638:130 854.20782:112 854.23981:156 854.27405:172 854.32123:116 854.35449:152 854.38306:184 854.42664:138 854.45361:214 854.47864:126 854.50775:68 854.55933:132 854.59406:244 854.67065:216 854.69904:160 854.72125:140 854.80542:26480 854.87402:516,141.16513:112 151.14740:143 169.15930:41 179.17766:31 204.95335:28 221.22748:109 239.23549:333 256.26215:97 267.26428:106 313.27298:149 341.30814:60 391.03577:36 495.43442:26 551.50293:1001 553.50098:92 579.53162:1945 610.57623:38 651.26794:23 734.36334:17 784.47766:17 852.79706:302 857.76605:165,19808,16550,18705,21353,20129,21023,18618,21759,30605,28128,30120,31889,26108,26938,25913,22187,29853,33583,26484,26601,802476,740077,845658,520999,601571,807478,991790,690749,661433,764841,512675,551753,24420,26041,19267,29966,21420,21265,84633,19081,19626,20239,24099,21737,674472,786851,718978,442499,511584,474795,437581,502408,377541,474289,406546,333950,324069,363931,329011,347908,353806,334517,19743.1096328125,29617.5994166668,28311.5056875001,25984.679625,28889.3588125,796070.233166667,643349.408437502,781324.011000001,609756.378125002,23242.63425,24217.1199166667,41113.3937291666,22024.7402916666,726767.302624996,476292.664895832,439176.672479166,404928.441854166,342207.115041667,1731.60807950714,1312.78280124823,3125.40521256694,3833.41153536846,4065.65913698911,53080.7674964999,147738.413847996,182857.50151375,135720.854966305,3537.40601768034,4978.97849168928,37690.1367805314,1946.11802362418,56592.8731571754,34567.0748398344,62448.9588868856,70183.549376084,15499.6887346517
6713,11.549,856.87683,TG 48:0|TG 16:0_16:0_16:0 (M+32),[M+H-H2O]+,null,0.48,True,15.690,856.88440,C58H115NO3,Cer_NS,PEYFZTCDBYOOPJ-UHFFFAOYSA-N,O=C(NC(CO)C(O)C=CCCCCCCCCCCCCCCC)CCCCCCCCCCCCCCCCCCCCCCCCCCCCCCCCCCCCC,530,False,True,False,Normalized unit: Intensity; Annotation method: Msp20230821112155_conventional_converted_dev_1; Tag: Confirmed,False,False,6713,0,0.00,0.92,0.01,0.39,0.13,6.00,0.17,0.71,384.64,Lenti-SC_13C_Time 2_Expt I_10-4-2023_B-A3_14020,856.87762:37564 856.96313:254 856.99957:140 857.08771:622 857.13690:136 857.17627:152 857.24652:84 857.30286:108 857.37897:56 857.40808:80 857.43475:250 857.50714:298 857.58252:1322 857.65106:226 857.69482:194 857.74774:1206 857.81287:196 857.87903:8718 857.97729:234 858.07935:1064 858.12714:340 858.19885:104 858.30963:104 858.41516:54 858.46527:74 858.50146:104 858.53455:80 858.58136:880 858.65509:162 858.71674:266 858.75305:388 858.78131:332 858.81506:186 858.84314:418 858.88257:4258 858.97430:168,167.19330:32 210.68275:17 239.23395:58 249.25537:56 329.32922:42 353.04874:32 494.70944:20 567.55786:203 583.61121:170 856.88531:210,237,311,279,232,353,262,579,258,450175,391125,556256,337826,292931,425065,332859,279691,323318,290501,267831,322202,66,276,567,80,407,677,802,393,910,52,565,179,283637,344948,261168,198765,257845,193981,165677,206037,171103,154104,185581,133280,416,285,497,849,487,834,800,1351,534,204,760,537,140421,148073,151861,152973,150383,156093,313.8517421875,465851.985479168,351940.934291666,311956.020062499,293511.0991875,303.106708333333,388.145729166665,701.792479166667,265.111520833332,296584.166333333,216863.926958333,180939.125895834,157655.051270834,399.638624999999,723.391624999998,895.188874999997,500.472958333338,149967.209375,114.404120537384,83674.1158421804,67188.26122699,28346.9681178113,27310.3186660548,251.930978909036,299.19996535275,272.700745950102,267.019876184367,43364.8749730535,35571.3953804253,21904.3040869104,26330.9065112887,106.934818680641,205.183117308291,416.678093432006,279.594273860754,5385.83102510863
6863,11.547,866.83624,TG 50:1|TG 16:0_16:0_18:1 (M+16),[M+NH4]+,null,0.48,True,16.190,866.85352,C55H108O5,EtherTG,HLQSPMCOKPQYOV-UHFFFAOYSA-N,O=C(OCC(OC(=O)CCCCCCCCCCCCCCC)COCCCCCCCCCCCCCCCCCCCC)CCCCCCCCCCCCCCC,410,False,True,True,Normalized unit: Intensity; Annotation method: Msp20230821112155_conventional_converted_dev_1; Tag: Confirmed,False,False,6863,0,0.00,0.65,0.16,0.18,0.68,4.00,1.75,1.82,66.05,QC4_10-4-2023_B-F5_14015,866.83752:9000 866.91754:252 866.94873:96 866.98511:240 867.04828:100 867.07697:446 867.13629:228 867.17261:72 867.22144:86 867.24731:202 867.32623:68 867.40637:126 867.51276:106 867.55719:220 867.58716:172 867.61743:146 867.67206:108 867.77197:766 867.83734:3712 867.94073:86 868.04419:158 868.07495:286 868.13757:90 868.20862:66 868.27478:164 868.35846:254 868.38654:166 868.43933:72 868.47107:100 868.50323:94 868.52863:136 868.55774:182 868.58014:150 868.61395:118 868.64935:194 868.68713:212 868.73053:132 868.77924:664 868.84467:1364 868.92249:138,124.02851:17 149.13324:42 239.23466:52 265.25146:26 329.31424:17 336.18091:23 369.71136:17 386.03391:21 398.88104:29 462.36694:17 505.75900:31 514.13953:41 551.49066:64 567.56256:76 577.54218:99 593.56445:63 594.57233:70 630.22083:34 690.81403:30 729.72333:17 810.74060:25 851.42664:49 864.84668:68 866.84229:86,72,248,239,178,952,417,425,578,64827,75840,114482,45898,61252,92922,56438,53975,79820,50966,66045,86789,295,78,224,371,503,768,334,184,271,674,152,331,55054,96442,69414,44732,74278,57358,45488,80534,64434,54638,85007,59259,421,151,326,0,213,0,765,355,127,226,102,233,36196,38238,37755,40528,37952,40521,388.581710937501,85049.7790625002,66690.9261249999,63410.8294999998,67933.5706875,199.069562500002,547.477833333324,263.218041666668,385.724083333332,73637.0148333334,58789.1078749998,63485.3675625001,66301.3097083333,299.532541666665,70.8898333333311,415.492229166669,186.855854166667,38531.7796354166,278.349645914916,26077.5113181882,23979.2728261961,14263.9690168485,17985.9097218393,110.951022624219,201.675285908445,75.2923460523519,265.292703426132,21014.7588011908,14824.9346354339,17541.8954730042,16363.1958772954,136.932733966214,122.784793073419,323.122397830111,73.6206637161144,1698.43739640376
6906,11.989,868.85370,TG 50:0|TG 16:0_16:0_18:0 (M+16),[M+Na]+,null,0.48,True,15.190,868.84558,C56H111NO3,Cer_NDS,SGKHAZZNTXJQAL-UHFFFAOYSA-N,O=C(NC(CO)C(O)CCCCCCCCCCCCCCCCCCC)CCCCCCCCCCCCCCCCCCCCCCCC=CCCCCCCCC,410,False,True,True,Normalized unit: Intensity; Annotation method: Msp20230821112155_conventional_converted_dev_1; Tag: Confirmed,False,False,6906,0,0.00,0.91,0.11,0.13,0.73,2.00,2.00,2.11,65.81,Lenti-SC_13C_Time 0_Expt I_10-5-2023_B-A1_14029,868.85297:12904 868.95697:128 868.98737:78 869.04156:146 869.08203:92 869.20612:66 869.24744:98 869.27020:118 869.34393:174 869.42444:104 869.47278:98 869.51117:178 869.53375:210 869.56665:118 869.61597:266 869.65607:62 869.70490:66 869.75220:276 869.79211:364 869.85754:4572 869.93652:230 870.00330:408 870.02557:388 870.14111:250 870.25830:168 870.34979:90 870.46173:150 870.53241:110 870.59723:590 870.69379:150 870.72748:72 870.76392:280 870.80707:182 870.86145:2296 870.95453:262,123.11730:42 137.13155:79 151.02734:17 169.19284:51 207.79190:17 218.67413:17 237.27858:74 249.25809:25 267.26505:38 273.30286:42 285.27390:29 322.32196:33 329.32327:43 337.17978:53 355.28070:33 399.31815:31 466.44382:17 482.40363:32 495.43338:27 502.91916:24 551.49878:44 567.55139:139 580.53754:114 595.58850:135 619.55170:50 670.21460:39 760.52600:23 818.20197:27 868.85455:142 871.57404:95,255,405,404,497,96,92,230,55,66412,57823,83633,56553,53107,74761,61312,48614,61378,59678,57857,63143,56,573,753,196,92,295,1083,909,294,1424,190,510,39694,38947,30740,28164,33590,27104,29239,31195,27732,31403,33986,25902,1263,504,435,449,110,612,162,164,494,737,585,770,24326,26626,24514,25380,26190,24932,254.332359374997,69289.4187708335,61473.6971250003,57101.2386874999,60226.2436458331,460.343937499995,194.285374999998,761.867875000002,708.001333333336,36460.3712291665,29619.2435,29388.5291458333,30430.3856666666,733.922999999997,390.621812500002,273.574125000001,697.364812499998,25328.06121875,167.108004054034,13143.6034335145,11635.4889364449,7350.24593810619,2685.55582469006,361.715094065845,101.54678068839,414.48605014118,640.417089672864,4967.61442830994,3479.12804158377,1736.31176256941,4128.67673911421,459.740072250286,256.043035731812,191.289297465774,98.6162928417764,922.413721206018
6938,11.787,870.89014,TG 49:0|TG 16:0_16:0_17:0 (M+32),[M+H-H2O]+,null,0.32,True,15.770,870.90009,C59H117NO3,Cer_NS,JVQPVKVLYCRZAT-UHFFFAOYSA-N,O=C(NC(CO)C(O)C=CCCCCCCCCCCCCCCCCC)CCCCCCCCCCCCCCCCCCCCCCCCCCCCCCCCCCCC,530,False,True,False,Normalized unit: Intensity; Annotation method: Msp20230821112155_conventional_converted_dev_1; Tag: Confirmed,False,False,6938,0,0.00,0.92,0.01,0.09,0.18,6.00,0.33,0.78,25.63,Lenti-C_13C_Time 0_Expt I_10-4-2023_B-B4_14023,870.89221:5848 870.99652:356 871.05286:276 871.08447:504 871.11206:310 871.15607:156 871.18262:98 871.23608:118 871.29700:72 871.32367:206 871.36200:158 871.38635:88 871.44824:100 871.49933:336 871.58197:1772 871.70642:474 871.76526:620 871.86511:748 871.89960:1560 872.08240:1396 872.15472:174 872.20520:124 872.23505:230 872.28229:224 872.31604:116 872.36609:158 872.43518:178 872.48114:78 872.50635:124 872.57196:688 872.60138:678 872.73059:364 872.79004:530 872.85059:248 872.90344:850 872.93195:754 872.99518:132,117.12777:28 133.08524:31 149.13571:55 163.62286:17 181.09459:35 196.31308:17 205.11047:43 220.49756:17 226.95229:33 239.23636:45 253.25249:37 290.92538:40 312.25659:64 326.84039:44 338.34448:28 350.25842:28 371.14359:40 391.80972:26 412.20715:20 426.16913:53 439.42499:41 482.72217:32 527.45593:17 553.46210:96 581.57788:146 593.57312:44 598.62555:45 617.56476:48 630.77533:53 668.86157:40 686.43518:29 736.10614:46 770.05536:47 787.88239:37 816.00751:32 829.04248:41 840.59589:32 862.59717:36 870.04211:120 870.89252:163 871.57880:132 871.91931:148 875.85437:79,80,485,435,80,153,196,171,20,30411,27434,35159,21390,21198,28803,24033,21146,21477,21599,17719,24005,103,492,161,158,185,201,148,137,284,555,512,288,9716,12865,12184,7663,10803,11350,7371,7580,7206,7194,10102,3516,80,195,31,113,62,106,171,162,298,233,144,423,8798,9308,8729,9462,9527,10014,202.385046874999,31001.4197291667,23796.8720416667,22218.5333333334,21107.7848541667,252.062020833331,181.371187500001,189.719500000002,451.684,11588.4764583333,9938.7215,7385.551375,6937.2448541667,101.79925,93.5459166666652,210.564145833336,266.8303125,9306.43317708333,169.417275614685,3896.33578909316,4336.19758625817,1580.04127239625,3171.81081471224,209.971679369257,21.2725760776719,82.190412006708,143.32019945242,1657.1200574952,1989.70662891825,187.390409466329,3300.80640152119,83.9993658023157,27.5819365158099,76.1434992076137,142.28400418624,482.681782141064
6970,10.969,872.76831,TG 52:4|TG 16:0_16:0_20:4,[M+NH4]+,null,0.45,True,14.290,872.77020,C55H98O6,TG,GTEUKLVYQXBQGG-UHFFFAOYSA-N,O=C(OCC(OC(=O)CCCCCCCCCCCCCCC)COC(=O)CCCCCCCCCCCCCCC)CCCCCCC=CCC=CCC=CCC=CCC,410,False,True,True,Normalized unit: NormalizedByInternalStandardPeakHeight; Annotation method: Msp20230821112155_conventional_converted_dev_1; Tag: Confirmed,False,False,6970,0,0.00,1.00,0.11,0.15,0.52,4.00,1.75,1.90,26.63,Lenti-C_Time 0_Expt III_10-5-2023_B-E9_14028,872.76886:6124 872.83765:252 872.86298:142 872.89520:96 872.92529:188 872.96533:150 873.00244:356 873.04773:246 873.08600:522 873.22388:200 873.31549:100 873.35840:154 873.38983:226 873.46204:160 873.51355:234 873.57776:510 873.67615:102 873.77252:4380 873.88782:240 873.93188:122 873.96429:130 874.04901:116 874.10681:142 874.13269:292 874.15570:154 874.21918:118 874.32379:226 874.39062:230 874.44861:108 874.50031:122 874.55804:170 874.59515:224 874.63080:224 874.66748:116 874.77808:1894 874.81970:204 874.85461:250,117.09178:61 123.11747:44 134.24031:17 141.12627:57 168.80748:17 177.16660:32 189.16743:57 204.18210:92 242.17818:17 259.23776:38 268.01718:17 288.17688:94 313.27496:73 347.15237:44 365.10242:35 388.94131:17 427.00339:29 436.91290:33 459.70563:32 473.85385:34 481.65128:53 502.27155:41 551.48438:56 574.84058:46 599.51184:65 627.55615:21 672.69684:27 684.93939:49 690.17957:17 699.01056:41 733.57471:35 768.80377:33 790.76819:17 826.77112:40 864.58820:42 870.60559:81 872.76196:179,3758,4405,2640,3765,4397,8712,3193,2648,3193,5185,10276,3615,5423,7551,2580,5463,8550,4219,2716,8386,31561,32716,38576,27744,23581,32452,28092,24719,24882,28355,21110,23716,1255,8033,7937,9480,5235,3415,5335,3878,3456,2788,2851,4114,27549,36300,38470,18970,24564,25165,23221,27710,25334,22415,26129,22765,19845,20020,19257,21737,22586,18794,4189.8952578125,6217.80170833326,5529.729375,5531.12843749993,5107.07262499995,34284.4332083333,27925.6628541667,25897.4251666668,24393.8328541666,5741.72077083334,6043.35295833338,4222.97656249998,3251.03483333336,34105.9824791666,22899.5336875001,25421.4789583334,23769.8320833334,20373.2633541666,1952.32128378148,3652.53951365566,1970.07606122213,2985.70359124643,2937.32881427562,3761.40136775426,4438.55094841485,1902.21017304734,3669.96335054509,3886.00134285331,3111.93803591189,986.019339637648,748.266122957085,5781.55531183471,3416.54839529235,2245.68475348019,2050.95003374319,1476.53999142606
6974,11.548,872.92914,TG 48:0|TG 16:0_16:0_16:0 (M+48),[M+H-H2O]+,null,0.48,True,15.860,872.91571,C59H119NO3,Cer_NDS,KXRSXWQNSUHMIX-UHFFFAOYSA-N,O=C(NC(CO)C(O)CCCCCCCCCCCCCCCCCC)CCCCCCCCCCCCCCCCCCCCCCCCCCCCCCCCCCCCC,530,False,True,False,Normalized unit: Intensity; Annotation method: Msp20230821112155_conventional_converted_dev_1; Tag: Confirmed,False,False,6974,0,0.00,0.78,0.01,0.19,0.13,6.00,0.17,0.60,1253.85,Lenti-C_13C_Time 0_Expt III_10-4-2023_B-C3_14013,872.92786:504100 873.09619:960 873.16565:620 873.21484:444 873.24817:414 873.28265:546 873.37042:380 873.42706:452 873.52008:310 873.56134:404 873.58765:402 873.60718:400 873.67682:290 873.70117:298 873.75293:464 873.78088:686 873.80640:1446 873.83966:586 873.87067:542 873.93201:26184 874.04266:160 874.08514:448 874.17194:206 874.23663:156 874.28119:220 874.31165:168 874.35400:220 874.39038:178 874.43066:158 874.50757:180 874.54669:212 874.58600:82 874.62653:128 874.65649:152 874.67969:150 874.72626:272 874.78778:696 874.85229:428 874.88214:400 874.93317:6798,132.14749:226 147.16486:158 162.18288:164 177.20242:41 255.29045:507 270.03906:61 291.31860:41 329.32538:264 375.43964:17 463.40805:17 535.89410:38 577.51624:46 582.60162:273 583.23639:42 583.60931:4650 584.61292:141 585.65259:83 603.53363:88 871.57898:126 871.92365:150 872.92944:1036 877.88696:145,603,281,355,402,752,139,147,701,1790406,1460526,2104855,1208944,921345,1404848,1119212,980526,944310,886953,762701,886574,457,231,1076,313,347,1117,389,619,611,364,748,675,1077790,1220228,894891,666945,774045,564289,495721,582925,454976,431577,470501,320807,596,671,468,623,485,504,136,105,746,1203,1165,1013,472902,493127,489981,506244,501117,493821,422.630124999998,1785262.44764584,1178378.99235416,1014682.53183333,845409.449208334,587.950958333335,592.4125,539.581604166665,595.399854166664,1064303.1991875,668426.303708331,511207.496208335,407628.299916667,578.28235416666,537.219958333336,329.073187500001,1126.89910416667,492865.494843749,239.064636492625,322195.22221525,243196.217918023,92318.1625032861,71627.6256836365,437.440612795102,454.695374061354,130.325324243709,203.862093581552,163087.499059195,104885.735568714,65365.0478355213,77667.3370180115,102.665272233935,74.9165020232531,361.607584835333,100.675309689923,11444.7305375995
7056,11.990,878.81635,TG 52:1|TG 16:0_18:0_18:1,[M+NH4]+,null,1.00,True,14.910,878.81708,C55H104O6,TG,NPCZZYKITFKRQZ-UHFFFAOYSA-N,O=C(OCC(OC(=O)CCCCCCCCCCCCCCCCC)COC(=O)CCCCCCCCCCCCCCC)CCCCCCCC=CCCCCCCCC,410,False,True,True,Normalized unit: NormalizedByInternalStandardPeakHeight; Annotation method: Msp20230821112155_conventional_converted_dev_1; Tag: Confirmed,False,False,7056,0,0.00,1.00,0.53,0.61,0.79,5.00,1.80,2.24,115.73,Lenti-SC_Time 0_Expt III_10-4-2023_B-D6_14010,878.81665:56102 878.95972:134 878.99023:192 879.02057:162 879.07074:212 879.10205:270 879.16956:150 879.21259:156 879.26599:80 879.29761:132 879.33612:132 879.40247:298 879.49805:116 879.53290:82 879.59357:1234 879.67761:58 879.70563:126 879.74554:322 879.81891:41760 879.91895:264 879.94373:246 879.97015:132 879.99939:230 880.05743:154 880.09192:2242 880.13678:292 880.16705:118 880.21332:148 880.27979:56 880.35498:282 880.38739:120 880.43457:100 880.59283:820 880.67316:76 880.73682:608 880.82257:17432 880.91559:364,135.11578:147 149.13052:51 194.20758:51 239.23679:75 248.24994:52 267.26886:81 309.29108:30 350.26648:60 450.75885:45 577.52026:259 579.53705:227 605.55054:357 817.29163:24 878.81879:295 882.05634:108,36317,34559,33969,35955,34700,32412,30735,36664,48420,51796,65039,46887,48668,58289,50966,52788,57498,44147,51320,58655,141062,162503,196364,108783,136039,194362,168892,154801,175311,149168,138427,145447,41552,43989,39676,39974,39063,34500,45182,43654,37182,44005,45436,42475,184299,280342,239140,124746,185799,154519,144741,207774,149288,163488,199376,152360,111056,116962,115695,115793,119645,112371,34414.014734375,55084.9561666667,51281.3006875001,53750.8611666666,51373.9536666666,166643.163333333,146394.645625,166334.552666667,144347.120354167,41739.1814791666,37845.7160625,42006.1851041666,43972.0045416666,234593.573395832,155021.392333333,167267.657416667,171741.135666666,115253.5821875,2031.98831031755,8783.89817220543,6134.03052095663,3370.86608763984,7254.21278691594,27882.5814798339,43719.6379218863,10491.204014876,5454.242403284,2162.50014111962,2932.84869294114,4247.07007892277,1481.13949498411,48182.2321307613,30529.6174992779,35152.9057323339,24570.8249892238,3118.42682879686
7116,11.543,882.88287,TG 50:1|TG 16:0_16:0_18:1 (M+32),[M+H-H2O]+,null,0.60,True,15.610,882.90009,C60H117NO3,Cer_NS,GHWDGUVMPGRIEM-UHFFFAOYSA-N,O=C(NC(CO)C(O)C=CCCCCCCCCCCCCCCCCCCCCCCCCC)CCCCCCCCCCCCCCCCCCCC=CCCCCCCCC,530,False,True,False,Normalized unit: Intensity; Annotation method: Msp20230821112155_conventional_converted_dev_1; Tag: Confirmed,False,False,7116,0,0.00,0.92,0.01,0.22,0.11,5.00,0.20,0.69,198.48,QC1_10-4-2023_B-F5_13982,882.89294:18732 882.95966:746 883.05426:150 883.13348:98 883.17273:172 883.21704:184 883.23901:136 883.29553:84 883.32196:82 883.35345:82 883.37738:128 883.41101:100 883.54608:140 883.58325:182 883.65515:146 883.70465:182 883.76086:1326 883.82861:468 883.89551:6966 884.00470:304 884.06812:72 884.12762:92 884.20496:96 884.28650:166 884.33264:80 884.38544:98 884.45135:70 884.51654:306 884.59906:196 884.63452:92 884.72211:214 884.76660:502 884.80304:486 884.89923:1768 884.97784:100,155.10194:30 168.65552:17 206.73219:24 222.08971:40 237.28073:65 255.28842:63 283.31281:42 303.56943:17 339.28421:58 395.80475:29 436.87277:17 500.81857:37 593.57153:411 626.53937:29 685.43677:39 734.23621:35 755.81781:46 809.79535:43 881.75763:267 882.89050:253 887.60645:76,23297,29952,25912,28617,27531,27917,32010,28439,270737,273832,411578,163496,185078,307050,182916,173382,227829,154660,176634,221969,2037,887,2304,513,404,330,522,220,145,928,281,310,241818,390055,271598,170323,266308,203705,142264,247387,193703,135514,217125,153815,5017,4097,194,726,308,827,1442,1012,601,1766,78,674,111133,118728,119677,125283,123236,126903,27959.18159375,318715.712562501,218541.546041666,194708.666312499,184420.689541667,1742.99120833335,415.562958333334,295.597187499998,506.320708333324,301157.070333333,213445.181770833,194451.363041667,168818.014125,3102.8051875,620.341937499995,1018.53989583332,839.703208333345,120826.648177083,2595.44146949076,80436.2956069183,77406.3919373581,29076.2355924997,34323.4073616328,753.156784175095,92.2925779606251,200.041252238435,365.639073265075,78414.8108705188,48727.9836116088,52565.7865318026,42824.5140096277,2561.16080027634,275.538529216585,420.454674567911,856.081775432695,5697.09596579597
7141,11.988,884.90637,TG 50:0|TG 16:0_16:0_18:0 (M+32),[M+H-H2O]+,null,0.48,True,15.840,884.91571,C60H119NO3,Cer_NS,XSIHAGLMIZTLJJ-UHFFFAOYSA-N,O=C(NC(CO)C(O)C=CCCCCCCCCCCCCCCCCC)CCCCCCCCCCCCCCCCCCCCCCCCCCCCCCCCCCCCC,530,False,True,False,Normalized unit: Intensity; Annotation method: Msp20230821112155_conventional_converted_dev_1; Tag: Confirmed,False,False,7141,0,0.00,0.89,0.01,0.30,0.13,6.00,0.17,0.67,395.48,Lenti-SC_13C_Time 2_Expt III_10-5-2023_B-B2_14031,884.90704:41728 885.01721:166 885.04944:340 885.09241:232 885.11353:266 885.16840:158 885.33575:76 885.42761:204 885.50293:274 885.58459:296 885.62061:252 885.65552:174 885.68469:250 885.77576:844 885.85333:340 885.91101:9650 886.02557:122 886.06085:126 886.10229:140 886.13281:136 886.22687:58 886.25061:262 886.28522:104 886.31506:126 886.33502:156 886.39441:88 886.47693:116 886.51483:68 886.54810:58 886.60352:374 886.78693:382 886.91278:4216 886.98309:62 887.01520:94,132.14821:39 137.13158:23 181.23360:42 192.22432:44 242.24858:38 256.26297:56 283.21301:36 321.17972:49 567.55609:131 583.60913:160 595.58728:375 611.64136:108 650.62848:28 704.11096:40 719.45490:39 741.32458:27 814.07159:20 884.90887:314,117,246,39,289,627,167,229,311,391464,337421,451301,337054,272439,366676,320591,251695,292072,291567,251376,286925,99,141,467,163,92,279,238,529,582,180,571,108,221449,229924,181017,167658,176777,140340,141673,158462,128906,143013,139664,108597,514,148,32,336,322,704,97,493,297,261,376,515,122466,131420,127824,128257,131145,130350,252.969898437499,393395.005979168,325389.960125001,288119.243062499,276622.335812499,235.496520833333,177.96095833333,449.569437500001,286.5209375,210796.644395833,161591.540104166,143013.7775625,130425.025770833,231.519291666666,454.181104166669,296.006979166668,383.942041666666,128576.9605,176.021229994071,56964.5116728578,48189.0794414364,34617.7284565317,21987.1124544487,201.324607481081,94.0875009140085,185.412932154544,249.337418716388,26135.7352637043,18961.1049282933,14823.3366112947,18977.3284128085,251.626094586823,216.405503245249,197.980973385861,127.391997222958,3341.72902301781
7292,11.983,894.87000,TG 52:1|TG 16:0_18:0_18:1 (M+16),[M+NH4]+,null,0.48,True,16.610,894.88483,C57H112O5,EtherTG,AUIBEDANCMOQDZ-UHFFFAOYSA-N,O=C(OCC(OC(=O)CCCCCCCCCCCCCCCCC)COCCCCCCCCCCCCCCCCCCCC)CCCCCCCCCCCCCCC,410,False,True,True,Normalized unit: Intensity; Annotation method: Msp20230821112155_conventional_converted_dev_1; Tag: Confirmed,False,False,7292,0,0.00,0.72,0.22,0.27,0.66,5.00,1.80,1.91,76.32,Lenti-SC_13C_Time 3_Expt II_10-4-2023_B-A8_13999,894.87024:12582 894.97656:120 895.02875:186 895.10577:566 895.19574:94 895.23364:106 895.29474:82 895.37451:104 895.44409:84 895.47174:130 895.51715:140 895.57050:172 895.60492:328 895.64972:124 895.71564:338 895.77039:446 895.87463:6946 895.96069:276 895.98987:210 896.03815:60 896.11102:86 896.14447:154 896.22931:90 896.36053:170 896.40295:118 896.46295:78 896.48920:98 896.52130:70 896.57379:196 896.61499:164 896.63647:146 896.72742:100 896.77417:424 896.87506:2794 896.96680:200,127.14808:46 131.07611:55 141.40312:20 150.13470:35 169.78867:17 233.17175:29 238.80777:18 248.24478:36 255.00020:42 265.24536:19 281.34192:38 304.14566:39 341.33365:41 355.15704:28 398.23889:55 502.16922:52 554.45258:39 579.54352:76 593.57404:148 596.59100:148 605.56738:137 621.61633:56 699.71747:17 740.84705:25 795.67847:30 857.68665:33 894.88593:176 896.87500:72,313,241,385,894,143,361,270,384,62000,61656,86949,42853,47670,71878,47579,43039,64118,42580,50438,63159,337,690,334,383,1050,444,636,693,328,273,415,333,44952,69756,47498,32268,46576,37375,31892,54949,41252,41158,53747,43401,524,720,2284,451,577,576,425,195,896,555,747,740,25280,29840,28386,29690,29781,27804,373.891351562499,70201.5762500002,54133.9054166668,51578.6187708333,52059.1739791665,453.574562500005,625.984395833321,552.473645833329,340.101791666663,54068.7394583331,38739.9851666667,42697.3564791666,46101.9403541665,1176.01620833335,535.052541666671,505.114875,680.831499999998,28463.5180416667,225.703030778581,14504.8238875773,15554.7268773162,11093.7251867718,10385.1620759042,204.86467236391,368.702694668208,196.26709100336,71.059515172832,13645.1926009061,7251.06052250911,11596.0922934907,6714.67990719012,964.751520622788,72.5291778554834,357.563376621992,109.068569017092,1772.59702293131
7436,10.968,904.87549,TG 52:4|TG 16:0_16:0_20:4 (M+32),[M+NH4]+,null,0.48,True,14.220,904.86920,C58H113NO5,Cer_AP,YAEFWSRBBSQQPA-UHFFFAOYSA-N,O=C(NC(CO)C(O)C(O)CCCC=CCCCCCCCCCCC)C(O)CCCCCCCCCCCCCCCCCCCCCCCCC=CCCCCCCCCCC,530,False,True,False,Normalized unit: Intensity; Annotation method: Msp20230821112155_conventional_converted_dev_1; Tag: Confirmed,False,False,7436,0,0.00,0.95,null,null,null,8.00,null,0.48,16.57,Lenti-C_13C_Time 0_Expt III_10-4-2023_B-C3_14013,904.87592:4830 904.96509:190 905.00055:102 905.02911:398 905.06329:118 905.09943:208 905.12836:294 905.16614:228 905.28070:396 905.31360:116 905.34497:154 905.39929:150 905.49738:216 905.55609:238 905.59729:116 905.62177:140 905.66229:194 905.71423:304 905.74628:400 905.78827:362 905.83197:516 905.87488:1306 905.97772:158 906.04419:102 906.09271:86 906.15271:102 906.28308:194 906.36658:76 906.44379:288 906.48712:126 906.54950:338 906.57709:150 906.62897:396 906.69092:94 906.72119:126 906.78790:638 906.82697:490 906.88611:274 906.93848:160,139.13834:39 152.28276:17 171.00201:46 177.16089:40 186.01492:42 226.94925:68 242.94078:28 284.29794:18 306.89624:55 332.70999:70 341.06345:25 356.76532:22 373.23230:57 414.71326:35 424.04944:24 497.22409:48 583.60010:70 623.51575:43 637.77588:34 686.42828:35 717.78400:47 752.53485:44 786.53607:35 838.70691:52 852.78400:73 903.74261:110 908.36438:57,93,94,495,164,219,122,244,424,18199,17124,22131,10977,10315,13656,11556,10959,11119,9068,10017,11078,150,159,50,121,342,110,56,377,280,410,425,195,15388,16697,15534,9722,10798,9882,3985,9747,9119,6544,4931,5488,108,331,371,478,94,53,132,155,346,127,140,409,6636,6281,7824,6499,7334,6589,231.928523437501,19151.4668124999,11649.3462500001,11211.4320208333,10054.3856875,119.759291666666,190.867666666665,237.622250000003,343.168166666668,15872.8313333333,10133.7049583334,7617.18702083331,5654.08360416665,270.075499999994,208.507437499999,211.240041666667,225.343500000002,6860.65163541666,151.832493275708,2636.11875354336,1768.91942844303,308.72946285693,1005.46348155363,60.1580047418198,130.908077334491,164.963639792478,128.4145188163,717.124364657305,580.535327974969,3160.95987810575,819.301966570501,141.566766149135,234.726446380285,117.529220649864,159.181372616513,590.360677410957
