,,,,,,,,,,,,,,,,,,,,,,,,,,,,,,,,,,Class,Blank,Blank,Blank,Blank,Blank,Blank,Blank,Blank,13C_KD_T0,13C_KD_T0,13C_KD_T0,13C_KD_T1,13C_KD_T1,13C_KD_T1,13C_KD_T2,13C_KD_T2,13C_KD_T2,13C_KD_T3,13C_KD_T3,13C_KD_T3,KD_T0,KD_T0,KD_T0,KD_T1,KD_T1,KD_T1,KD_T2,KD_T2,KD_T2,KD_T3,KD_T3,KD_T3,13C_SC_T0,13C_SC_T0,13C_SC_T0,13C_SC_T1,13C_SC_T1,13C_SC_T1,13C_SC_T2,13C_SC_T2,13C_SC_T2,13C_SC_T3,13C_SC_T3,13C_SC_T3,SC_T0,SC_T0,SC_T0,SC_T1,SC_T1,SC_T1,SC_T2,SC_T2,SC_T2,SC_T3,SC_T3,SC_T3,QC,QC,QC,QC,QC,QC,NA,NA,NA,NA,NA,NA,NA,NA,NA,NA,NA,NA,NA,NA,NA,NA,NA,NA,NA,NA,NA,NA,NA,NA,NA,NA,NA,NA,NA,NA,NA,NA,NA,NA,NA,NA
,,,,,,,,,,,,,,,,,,,,,,,,,,,,,,,,,,File type,Blank,Blank,Blank,Blank,Blank,Blank,Blank,Blank,Sample,Sample,Sample,Sample,Sample,Sample,Sample,Sample,Sample,Sample,Sample,Sample,Sample,Sample,Sample,Sample,Sample,Sample,Sample,Sample,Sample,Sample,Sample,Sample,Sample,Sample,Sample,Sample,Sample,Sample,Sample,Sample,Sample,Sample,Sample,Sample,Sample,Sample,Sample,Sample,Sample,Sample,Sample,Sample,Sample,Sample,Sample,Sample,QC,QC,QC,QC,QC,QC,NA,NA,NA,NA,NA,NA,NA,NA,NA,NA,NA,NA,NA,NA,NA,NA,NA,NA,NA,NA,NA,NA,NA,NA,NA,NA,NA,NA,NA,NA,NA,NA,NA,NA,NA,NA
,,,,,,,,,,,,,,,,,,,,,,,,,,,,,,,,,,Injection order,1,2,3,4,5,6,7,8,9,10,11,12,13,14,15,16,17,18,19,20,21,22,23,24,25,26,27,28,29,30,31,32,33,34,35,36,37,38,39,40,41,42,43,44,45,46,47,48,49,50,51,52,53,54,55,56,57,58,59,60,61,62,NA,NA,NA,NA,NA,NA,NA,NA,NA,NA,NA,NA,NA,NA,NA,NA,NA,NA,NA,NA,NA,NA,NA,NA,NA,NA,NA,NA,NA,NA,NA,NA,NA,NA,NA,NA
,,,,,,,,,,,,,,,,,,,,,,,,,,,,,,,,,,Batch ID,1,1,1,1,1,1,1,1,1,1,1,1,1,1,1,1,1,1,1,1,1,1,1,1,1,1,1,1,1,1,1,1,1,1,1,1,1,1,1,1,1,1,1,1,1,1,1,1,1,1,1,1,1,1,1,1,1,1,1,1,1,1,Average,Average,Average,Average,Average,Average,Average,Average,Average,Average,Average,Average,Average,Average,Average,Average,Average,Average,Stdev,Stdev,Stdev,Stdev,Stdev,Stdev,Stdev,Stdev,Stdev,Stdev,Stdev,Stdev,Stdev,Stdev,Stdev,Stdev,Stdev,Stdev
Alignment ID,Average Rt(min),Average Mz,Metabolite name,Adduct type,Post curation result,Fill %,MS/MS assigned,Reference RT,Reference m/z,Formula,Ontology,INCHIKEY,SMILES,Annotation tag (VS1.0),RT matched,m/z matched,MS/MS matched,Comment,Manually modified for quantification,Manually modified for annotation,Isotope tracking parent ID,Isotope tracking weight number,RT similarity,m/z similarity,Simple dot product,Weighted dot product,Reverse dot product,Matched peaks count,Matched peaks percentage,Total score,S/N average,Spectrum reference file name,MS1 isotopic spectrum,MS/MS spectrum,BLK0_10-4-2023_B-F4_13980,BLK1_10-4-2023_B-F4_13981,BLK2_10-4-2023_B-F4_13992,BLK3_10-4-2023_B-F4_14003,BLK4_10-4-2023_B-F4_14014,BLK5_10-4-2023_B-F4_14025,BLK6_10-5-2023_B-F4_14039,BLKend_10-5-2023_B-F4_14041,Lenti-C_13C_Time 0_Expt I_10-4-2023_B-B4_14023,Lenti-C_13C_Time 0_Expt II_10-5-2023_B-B8_14030,Lenti-C_13C_Time 0_Expt III_10-4-2023_B-C3_14013,Lenti-C_13C_Time 1_Expt I_10-4-2023_B-B5_13990,Lenti-C_13C_Time 1_Expt II_10-4-2023_B-B9_14018,Lenti-C_13C_Time 1_Expt III_10-5-2023_B-C4_14027,Lenti-C_13C_Time 2_Expt I_10-5-2023_B-B6_14037,Lenti-C_13C_Time 2_Expt II_10-4-2023_B-C1_14006,Lenti-C_13C_Time 2_Expt III_10-5-2023_B-C5_14032,Lenti-C_13C_Time 3_Expt I_10-4-2023_B-B7_13997,Lenti-C_13C_Time 3_Expt II_10-4-2023_B-C2_13987,Lenti-C_13C_Time 3_Expt III_10-5-2023_B-C6_14038,Lenti-C_Time 0_Expt I_10-4-2023_B-E1_14002,Lenti-C_Time 0_Expt II_10-4-2023_B-E5_14017,Lenti-C_Time 0_Expt III_10-5-2023_B-E9_14028,Lenti-C_Time 1_Expt I_10-4-2023_B-E2_13988,Lenti-C_Time 1_Expt II_10-4-2023_B-E6_14001,Lenti-C_Time 1_Expt III_10-4-2023_B-F1_14000,Lenti-C_Time 2_Expt I_10-4-2023_B-E3_14016,Lenti-C_Time 2_Expt II_10-4-2023_B-E7_13985,Lenti-C_Time 2_Expt III_10-4-2023_B-F2_13996,Lenti-C_Time 3_Expt I_10-4-2023_B-E4_13989,Lenti-C_Time 3_Expt II_10-4-2023_B-E8_14008,Lenti-C_Time 3_Expt III_10-4-2023_B-F3_13994,Lenti-SC_13C_Time 0_Expt I_10-5-2023_B-A1_14029,Lenti-SC_13C_Time 0_Expt II_10-4-2023_B-A5_14019,Lenti-SC_13C_Time 0_Expt III_10-4-2023_B-A9_14012,Lenti-SC_13C_Time 1_Expt I_10-4-2023_B-A2_13986,Lenti-SC_13C_Time 1_Expt II_10-4-2023_B-A6_13995,Lenti-SC_13C_Time 1_Expt III_10-5-2023_B-B1_14036,Lenti-SC_13C_Time 2_Expt I_10-4-2023_B-A3_14020,Lenti-SC_13C_Time 2_Expt II_10-4-2023_B-A7_14021,Lenti-SC_13C_Time 2_Expt III_10-5-2023_B-B2_14031,Lenti-SC_13C_Time 3_Expt I_10-4-2023_B-A4_13983,Lenti-SC_13C_Time 3_Expt II_10-4-2023_B-A8_13999,Lenti-SC_13C_Time 3_Expt III_10-5-2023_B-B3_14034,Lenti-SC_Time 0_Expt I_10-4-2023_B-C7_13998,Lenti-SC_Time 0_Expt II_10-5-2023_B-D2_14035,Lenti-SC_Time 0_Expt III_10-4-2023_B-D6_14010,Lenti-SC_Time 1_Expt I_10-4-2023_B-C8_14005,Lenti-SC_Time 1_Expt II_10-4-2023_B-D3_13984,Lenti-SC_Time 1_Expt III_10-4-2023_B-D7_14022,Lenti-SC_Time 2_Expt I_10-4-2023_B-C9_14011,Lenti-SC_Time 2_Expt II_10-4-2023_B-D4_14009,Lenti-SC_Time 2_Expt III_10-4-2023_B-D8_13991,Lenti-SC_Time 3_Expt I_10-4-2023_B-D1_14024,Lenti-SC_Time 3_Expt II_10-4-2023_B-D5_14007,Lenti-SC_Time 3_Expt III_10-5-2023_B-D9_14033,QC1_10-4-2023_B-F5_13982,QC2_10-4-2023_B-F5_13993,QC3_10-4-2023_B-F5_14004,QC4_10-4-2023_B-F5_14015,QC5_10-5-2023_B-F5_14026,QC6_10-5-2023_B-F5_14040,Blank,13C_KD_T0,13C_KD_T1,13C_KD_T2,13C_KD_T3,KD_T0,KD_T1,KD_T2,KD_T3,13C_SC_T0,13C_SC_T1,13C_SC_T2,13C_SC_T3,SC_T0,SC_T1,SC_T2,SC_T3,QC,Blank,13C_KD_T0,13C_KD_T1,13C_KD_T2,13C_KD_T3,KD_T0,KD_T1,KD_T2,KD_T3,13C_SC_T0,13C_SC_T1,13C_SC_T2,13C_SC_T3,SC_T0,SC_T1,SC_T2,SC_T3,QC
2523,6.426,584.52191,DG 32:1|DG 16:0_16:1,[M+NH4]+,null,0.55,True,10.440,584.52490,C35H66O5,DG,ADLOEVQMJKYKSR-UHFFFAOYSA-N,O=C(OCC(OC(=O)CCCCCCCC=CCCCCCC)CO)CCCCCCCCCCCCCCC,410,False,True,True,Normalized unit: NormalizedByInternalStandardPeakHeight; Annotation method: Msp20230821112155_conventional_converted_dev_1; Tag: Confirmed,False,False,2523,0,0.00,1.00,0.56,0.54,0.90,4.00,1.75,2.25,52.82,Lenti-SC_Time 1_Expt II_10-4-2023_B-D3_13984,584.52441:25182 584.61847:126 584.63843:252 584.67413:116 584.71613:92 584.74951:142 584.79980:120 584.83350:110 584.92828:120 585.00757:272 585.06848:68 585.09113:102 585.14288:132 585.21228:224 585.23724:150 585.30786:68 585.33746:102 585.37952:54 585.41241:812 585.45026:4120 585.52838:10412 585.61554:128 585.63580:84 585.69019:238 585.75232:128 585.82373:82 585.85846:202 585.89838:300 585.98560:108 586.02167:120 586.15588:92 586.17975:62 586.26562:54 586.29401:104 586.35077:98 586.36926:104 586.40186:474 586.45288:1272 586.52997:1958 586.57874:120 586.60272:62,154.13000:41 163.14629:39 203.10753:35 222.87769:40 237.22627:41 285.24228:28 311.25809:289 313.27292:260 315.27039:46 339.07300:42 354.11792:17 371.24313:39 466.09583:36 491.90826:40 549.48578:150 584.52863:88,2858.02953733243,1508.18881898591,3560.40255307393,1938.41522550814,3093.17064552768,3876.33979483081,2253.00949508516,2325.89519651689,8232.4029685419,4804.25411091231,5302.82771376697,5648.62774581841,5638.74627168385,7394.31305519244,7617.1555208811,4063.61847592363,5627.84204702083,6225.09468687396,8245.87374839178,3719.14954240858,35670.6101153147,33552.206033728,40890.1931013001,29953.1653142161,32258.7171591162,39567.2238431461,40638.9910088621,34168.9992734269,38640.6434300735,37952.5455389302,29151.3465120435,33352.706013068,10496.1744880244,7048.20584196722,6743.76384530844,9109.49471618878,6029.17311527109,6689.89082099049,6942.6125427684,14343.9344828336,7928.66758326499,10385.6670660974,10570.9656063395,6907.57016561154,76075.6299672429,133645.640712472,109723.646103082,66922.3424330396,103218.919388092,97478.2043412736,76551.6780420768,120561.925620611,82736.0089359194,86794.5291492183,108650.731190792,79070.6197098278,42136.8184522671,36696.0333665153,37576.772237911,36186.2374466223,41139.1618661399,40289.7964124552,2676.68140835762,6113.1615977404,6227.22902423157,5769.53868127518,6063.37265922478,36704.3364167809,33926.3687721594,37816.2112374542,33485.5326880139,8096.04805843334,7276.18621748345,9738.40486962234,9288.06761268282,106481.638927599,89206.4887208017,93283.2041995356,91505.2933499462,39004.1366303185,814.11252987397,1852.16951172223,1010.73649502513,1781.00107652705,2267.69123117076,3776.6329052108,5019.29544620429,3312.8484110083,4402.10271028525,2084.13684551865,1621.69726220144,4018.86220208492,2063.65209250218,28921.609433015,19510.9285822838,23825.5738425667,15342.3995294972,2503.20653662989
2545,7.078,586.54041,DG 32:0|DG 16:0_16:0,[M+NH4]+,null,1.00,True,11.520,586.54053,C35H68O5,DG,JEJLGIQLPYYGEE-UHFFFAOYSA-N,O=C(OCC(OC(=O)CCCCCCCCCCCCCCC)CO)CCCCCCCCCCCCCCC,410,False,True,True,Normalized unit: NormalizedByInternalStandardPeakHeight; Annotation method: Msp20230821112155_conventional_converted_dev_1; Tag: Confirmed,False,False,2545,0,0.00,1.00,0.78,0.74,0.86,3.00,2.00,2.48,520.36,Lenti-SC_Time 0_Expt I_10-4-2023_B-C7_13998,586.53961:348230 586.61871:252 586.64539:262 586.68921:214 586.71497:160 586.74036:178 586.77271:158 586.80225:200 586.83142:224 586.85425:202 586.88593:162 586.92151:190 586.96057:294 586.99176:76 587.02448:96 587.06763:722 587.09528:226 587.12299:192 587.14832:106 587.19928:134 587.24347:324 587.26508:204 587.28162:236 587.34161:394 587.37036:210 587.40887:678 587.44965:296 587.54291:135020 587.62939:440 587.70123:210 587.73431:392 587.76788:164 587.79803:132 587.82434:102 587.86200:58 587.88037:114 587.90033:96 587.93005:282 587.97388:166 588.00867:366 588.03461:68 588.07117:136 588.10724:150 588.15619:84 588.19421:132 588.21362:118 588.25464:162 588.29272:90 588.31268:86 588.33301:218 588.35449:366 588.38379:216 588.40894:208 588.43634:366 588.48761:236 588.54663:32624 588.61584:188 588.63715:214,125.13120:108 151.15082:47 163.14627:35 201.43689:17 221.22598:44 239.23607:79 257.24579:84 267.27435:40 294.73105:17 313.05054:41 313.27307:5452 314.27606:992 315.28107:97 316.72861:34 331.27908:86 419.73929:17 439.88766:17 540.30713:37 551.50269:1393 569.51154:75 591.50208:48,13111.0082431439,11947.1864644977,12451.505663318,11260.5835624909,12715.0558259234,13399.7406554906,8710.19115911332,13030.5112078528,20026.3382408412,17568.3203321183,15938.9687289894,17766.3873209627,19764.2806146771,18823.6837908482,21391.0847101846,18372.8459525468,19077.4084834065,21848.0019078092,22800.7093908698,23046.546162557,1054210.72146319,866110.438469759,968674.890986417,837400.775197704,731505.992606652,929308.900188693,986908.980908676,689845.349164824,622555.644663256,825971.806018592,512880.892644489,628827.796381421,18393.111558046,19534.6077458522,15921.6206753853,20305.5063593416,22578.0778991153,17113.6864968459,21326.1730836653,17363.5114502752,21653.511197187,24589.3189621459,20245.1715127659,18964.0079429653,1219221.47781397,1397043.94753785,1113710.10789404,803983.201762013,840214.018116143,836810.047545225,713928.556364063,812885.850280065,592631.477043887,758336.858854151,646892.533684517,508401.193657637,452252.018133344,426106.243100873,429845.037195965,421212.893582738,445137.778134034,463017.266888111,12078.2228477288,17844.542433983,18784.7839088293,19613.7797153793,22565.085820412,962998.683639789,832738.555997683,766436.658245585,655893.498348168,17949.7799930945,19999.0902517676,20114.3985770425,21266.1661392924,1243325.17774862,827002.42247446,706481.961229338,637876.862065435,439595.206172511,1525.69171209956,2057.63732683211,999.514534102959,1578.99077685486,633.060765538135,94178.5199126299,98983.8359424366,193876.274665882,158290.537230032,1846.84218335027,2745.05218029358,2387.95363194127,2948.36455279457,143196.569214244,20007.7521368141,110315.846852303,125211.504804324,16458.6467067809
2702,7.085,602.59216,DG 32:0|DG 16:0_16:0 (M+16),[M+H-H2O]+,null,0.48,True,12.340,602.58710,C40H77NO3,Cer_NS,XKPGDLCCIXPEQV-UHFFFAOYSA-N,O=C(NC(CO)C(O)C=CCCC=CCCCCCC)CCCCCCCCCCCCCCCCCCCCCCCC,530,False,True,False,Normalized unit: Intensity; Annotation method: Msp20230821112155_conventional_converted_dev_1; Tag: Confirmed,False,False,2702,0,0.00,0.89,0.03,0.03,0.47,6.00,0.17,0.76,143.84,Lenti-SC_13C_Time 2_Expt I_10-4-2023_B-A3_14020,602.59296:25652 602.71191:206 602.74670:410 602.84717:114 602.92023:80 602.96472:186 603.04260:92 603.07489:126 603.12640:204 603.25867:56 603.33746:66 603.36066:74 603.40271:438 603.42493:258 603.44513:258 603.49164:86 603.51959:98 603.59540:5620 603.66101:56 603.71942:92 603.76056:100 603.89429:120 603.92865:170 604.04468:106 604.09479:178 604.24561:130 604.31659:70 604.41101:124 604.45160:240 604.50641:158 604.56616:3516 604.59833:2686 604.65375:80,121.15843:51 141.47044:17 198.20538:31 220.21324:38 237.15326:24 273.30051:26 285.24277:44 299.28802:43 313.27316:96 329.32648:163 415.24921:44 507.16049:42 533.04785:30 567.55872:152 601.44598:59,19.9376875,20.4697499999998,89.2603749999997,71.5179999999993,150.1106875,162.872687499999,323.1495,29.439625,154290.990625,106562.5398125,183599.894500001,113304.390187501,112766.7680625,147367.5954375,124426.016999999,103325.134625,130694.97275,117492.1875625,103851.4669375,139165.9744375,79.6337499999996,90.0875000000004,221.195062500001,299.153999999998,252.406312499998,139.674875,136.617,50.4753124999997,353.493374999997,313.683875,117.0266875,149.460249999998,166730.824375,124334.762125,99917.8695625002,116364.097,121047.41975,96651.2517500001,96193.0977500005,108390.1840625,106154.7919375,113156.4379375,118083.458625,91642.1357499999,72.8949375000001,348.187124999999,387.627062499997,63.4556875000005,86.3271875,39.9873750000001,139.07325,104.6126875,225.935562500001,163.5875625,62.7078125000005,354.042250000001,61377.973375,65520.8074374998,64557.7406250002,64896.3443749999,67191.6488124995,65368.981625,108.3447890625,148151.141645834,124479.5845625,119482.041458333,120169.8763125,130.3054375,230.411729166665,180.195229166666,193.390270833332,130327.8186875,111354.256166667,103579.357916667,107627.344104167,269.569708333332,63.2567500000002,156.5405,193.445875000001,64818.9160416666,103.055488580983,38883.9531610043,19823.421519705,14339.0787836818,17808.8776393489,78.8860771730104,81.9830415372375,156.138666233864,105.431956240342,33807.2518539332,12946.7035245486,6493.60253829778,14061.082739546,171.463119297587,23.1705467723674,62.5191060115893,147.944508980128,1915.16989636204
2797,7.809,614.57074,DG 34:0|DG 16:0_18:0,[M+NH4]+,null,0.97,True,12.880,614.57178,C37H72O5,DG,ONCLVQFEAFTXMN-UHFFFAOYSA-N,O=C(OCC(OC(=O)CCCCCCCCCCCCCCCCC)CO)CCCCCCCCCCCCCCC,410,False,True,True,Normalized unit: NormalizedByInternalStandardPeakHeight; Annotation method: Msp20230821112155_conventional_converted_dev_1; Tag: Confirmed,False,False,2797,0,0.00,1.00,0.89,0.87,0.88,4.00,1.75,2.38,93.46,Lenti-SC_Time 1_Expt II_10-4-2023_B-D3_13984,614.57190:55062 614.65631:130 614.68201:96 614.70471:98 614.74304:90 614.76929:196 614.79199:60 614.81696:102 614.83771:122 614.86908:72 614.90881:110 614.93872:98 614.96271:166 614.99408:176 615.02130:190 615.05475:146 615.08081:88 615.11816:70 615.16089:108 615.30249:58 615.33685:112 615.37054:178 615.39203:344 615.40558:286 615.44092:784 615.49182:1104 615.57477:22152 615.65057:82 615.67938:110 615.69421:158 615.75293:352 615.78180:152 615.93341:244 615.95123:224 616.05640:140 616.08612:454 616.13110:72 616.16895:130 616.20709:74 616.23096:66 616.26172:80 616.32727:66 616.36896:134 616.41327:960 616.42786:1182 616.48859:306 616.53357:382 616.57758:5072 616.65582:182,173.15390:45 257.24738:26 313.27396:443 341.30350:498 415.25186:25 579.53528:400,11414.7499667762,8710.06169578163,11872.9699948339,9008.67378912817,11241.4996971675,10796.0634515881,10798.6774185012,10734.0296325798,19264.5260104535,16896.492259724,16962.8831299866,18756.4931130005,18824.7442599652,17477.9440081922,19828.3789004889,20811.4840457108,17997.2399223946,20309.9990310851,24366.4552409384,21271.7369666536,256445.08757529,215311.928884049,232089.739291305,223507.094691123,212973.358857875,244367.022072725,282361.833653268,215960.796829202,198677.922138813,265213.491828172,168019.983643813,192044.569800155,13592.1344911059,17696.8757828063,10348.1469688004,16055.8144203858,17426.9087843403,14768.7398699837,17642.6293796328,13888.7040251723,16034.1089771502,18077.5063520724,16388.4593535521,15343.5993520676,289823.609085949,323002.185277162,251873.857876373,213877.91824047,223527.249438351,211574.518158277,207422.197051557,232983.356969724,170655.224437878,229262.129402389,200282.874008011,158122.575423853,131996.28328189,123178.79155531,119233.804083747,126706.42972051,124788.514299275,132513.332341589,10572.0907057946,17707.967133388,18353.060460386,19545.7009561981,21982.7304128923,234615.585250215,226949.158540575,232333.517540428,208426.015090713,13879.0524142375,16083.8210249033,15855.1474606517,16603.188352564,288233.217413161,216326.561945699,203686.926153053,195889.192944751,126402.85921372,1126.91893403403,1348.42819246779,758.640994437226,1428.25859407404,2119.63275263905,20682.5798520347,15977.3707214184,44179.1664611912,50625.1747715646,3682.75646987563,1329.30574802618,1883.35055420013,1379.54459095431,35590.8239433023,6341.438185442,31331.5051145129,35772.718096763,5159.69966046031
2820,6.419,616.63000,DG 32:1|DG 16:0_16:1 (M+32),[M+H]+,null,0.48,True,null,null,null,null,null,null,999,False,False,False,Normalized unit: Intensity; Tag: Confirmed,False,False,2820,0,0.00,null,null,null,null,null,null,null,33.43,Lenti-SC_13C_Time 0_Expt I_10-5-2023_B-A1_14029,616.63116:24792 616.74878:1244 616.81000:126 616.84229:136 616.90344:174 616.93585:116 616.96954:130 617.00623:80 617.04059:102 617.08002:680 617.12061:74 617.17157:106 617.36096:108 617.42120:262 617.46466:138 617.49097:190 617.51294:138 617.59125:192 617.63464:900 617.69934:106 617.73102:252 617.75073:142 617.77808:92 617.82397:96 617.86743:100 617.89551:106 617.94543:92 617.98657:108 618.05615:108 618.09003:136 618.13416:116 618.16064:66 618.26593:76 618.32355:150 618.34363:104 618.37079:102 618.39435:136 618.47321:272 618.53418:58 618.58038:1624 618.64154:626 618.72314:76,133.08716:59 169.01109:36 191.52982:26 220.93306:49 260.21970:26 283.27362:40 328.31543:277 410.79941:21 491.85092:52 531.75281:39 581.59277:147 597.39868:33 616.74799:81,72.5924999999997,201.155312500001,441.260249999998,38.0747499999996,49.7290625000007,89.7068124999986,99.9026249999984,164.051999999998,32028.0985624998,21379.7727499999,34978.3574375001,19072.501125,21733.1580000001,30115.3433125,23387.1703125,15634.4967500001,22428.0044374999,20034.8396875,17405.5083750001,21890.2879999999,72.7083749999989,364.755687499994,425.174062499997,128.41575,212.520875000003,161.636500000001,156.234375000001,40.2097500000002,675.404312500003,515.979124999995,97.846999999999,276.4763125,95866.9832500001,73781.9931250001,58277.0993125001,55174.5896250003,64930.9251875001,50705.2179374998,39411.623125,61240.9534375,53576.7527499998,44887.0670624997,60866.9229375,46698.5235000003,528.103562499996,70.1711250000011,559.349749999999,979.845499999999,162.604687499998,170.104562499999,71.6561249999999,305.715749999999,81.9820625000012,423.401375000002,422.634499999998,36.3060000000002,20559.8596875,20720.2195000001,21779.1315625,20330.2745625,23600.5005625001,22206.2215,144.559164062499,29462.07625,23640.3341458333,20483.2238333333,19776.8786875,287.546041666663,167.524375000001,290.616145833335,296.767479166665,75975.3585625001,56936.9109166667,51409.7764374999,50817.5045,385.874812499999,437.518249999999,153.117979166667,294.113958333333,21532.7012291667,132.086819585337,7153.23208465684,5763.16592967217,4226.41876065638,2253.49062109077,188.491411670381,42.3605750294802,338.248249524841,209.803281844622,18890.6850740119,7274.75215673863,11074.825291049,8750.05438870032,273.853418426982,469.68414557091,132.254360963221,223.268570469105,1252.39998893942
2845,7.083,618.64594,DG 32:0|DG 16:0_16:0 (M+32),[M+H]+,null,0.48,True,null,null,null,null,null,null,999,False,False,False,Normalized unit: Intensity; Tag: Confirmed,False,False,2845,0,0.00,null,null,null,null,null,null,null,724.48,Lenti-C_13C_Time 0_Expt III_10-4-2023_B-C3_14013,618.64526:252268 618.76477:434 618.79449:202 618.86273:142 618.88831:150 618.92700:142 618.99921:74 619.02942:88 619.05078:314 619.07446:202 619.10980:92 619.13452:58 619.16211:194 619.20038:94 619.23602:118 619.28864:96 619.31873:108 619.35925:108 619.38239:82 619.43591:84 619.46027:56 619.48633:78 619.52100:534 619.58380:6216 619.65027:12830 619.71863:192 619.74188:110 619.79156:58 619.83441:178 619.87561:106 619.89929:170 619.93427:140 619.97284:134 620.00317:130 620.05383:68 620.13940:60 620.17407:148 620.19446:146 620.23883:226 620.34546:722 620.40021:164 620.42725:150 620.45245:104 620.48120:190 620.52313:134 620.58655:1308 620.65222:3562,117.12849:78 132.14696:143 160.16840:48 183.18648:40 201.14186:43 213.85803:19 228.24303:30 237.27910:37 255.29060:74 273.30017:76 291.31180:89 329.32584:3372 330.33047:187 357.37628:38 454.61658:17 583.60992:894 618.64233:106,20.8025000000001,187.870562500001,310.702124999999,166.446999999997,91.9046874999981,87.7164999999993,147.526375,113.4671875,891095.728937502,601339.6984375,996517.804687504,593622.412312505,477806.972937499,688882.629625,537441.457999998,497107.037562498,496611.008312501,457740.1946875,363785.544875,450692.297125001,98.1243750000009,231.296937499998,149.303125000001,87.7621874999995,423.614812499998,303.223875000001,159.282125000001,226.95225,70.2923125000014,219.42275,343.943812500001,230.599437500001,897940.709874999,645674.402624999,495772.643062501,548996.148000001,496348.723687501,378693.580562501,375838.290500002,419176.608624999,357519.667499999,368610.338687501,360044.531562501,267247.3798125,189.35475,143.144250000001,28.4336250000002,354.518125,155.166062500003,208.778624999999,115.977125,362.713624999999,83.8458749999978,299.205499999999,449.621562499997,109.1203125,265386.9459375,272036.606999999,269266.179125001,284204.0804375,311883.603312497,286544.9141875,140.804617187499,829651.077354169,586770.671625001,510386.501291666,424072.678895834,159.5748125,271.533624999999,152.175562500001,264.655333333334,679795.918520833,474679.484083334,384178.188875,331967.4166875,120.310875,239.487604166667,187.512208333332,285.982458333332,281553.721666666,86.3054994894034,204628.976005312,105704.507824177,23431.5924154014,52328.9796513112,67.1778499490503,170.154195918421,78.5713779139749,68.8928645237695,203243.688404333,87194.6562451975,31663.2282924834,56212.5932754553,82.8548391962376,103.162940326674,152.577051381084,170.635318548297,17057.3264951643
2941,7.813,630.62585,DG 34:0|DG 16:0_18:0 (M+16),[M+H-H2O]+,null,0.48,True,12.990,630.61841,C42H81NO3,Cer_NS,ASVYVBLABSOACH-UHFFFAOYSA-N,O=C(NC(CO)C(O)C=CCCC=CCCC)CCCCCCCCCCCCCCCCCCCCCCCCCCCCC,530,False,True,False,Normalized unit: Intensity; Annotation method: Msp20230821112155_conventional_converted_dev_1; Tag: Confirmed,False,False,2941,0,0.00,0.90,0.00,0.01,0.09,6.00,0.17,0.60,102.47,QC4_10-4-2023_B-F5_14015,630.62421:9748 630.68561:464 630.74011:82 630.76733:324 630.79523:214 630.85242:118 630.88873:108 630.95270:228 631.01703:166 631.04144:194 631.09454:1056 631.18652:64 631.22424:220 631.24957:104 631.32214:142 631.36218:152 631.43018:886 631.46478:248 631.49170:200 631.52924:126 631.56671:118 631.58221:134 631.62695:2828 631.66992:162 631.71100:250 631.75995:668 631.81519:106 631.83600:120 631.88599:66 631.91302:308 632.00769:194 632.09888:376 632.13928:162 632.20459:166 632.22455:80 632.29895:158 632.32477:134 632.37964:120 632.42365:330 632.49969:102 632.52356:264 632.55847:442 632.59479:2304 632.63043:1170 632.68646:120 632.71960:160,147.64253:17 169.09738:40 174.23875:17 196.18895:38 224.58856:17 238.98267:37 257.02847:17 279.83685:49 298.90955:61 313.27448:37 329.32574:195 341.30554:217 357.35553:53 415.24402:38 459.28485:31 502.98877:57 523.83673:72 569.86041:38 595.58514:181 629.55530:93,45.4394999999995,24.6112499999998,148.2619375,188.4231875,56.6420624999997,173.079562499999,86.1258749999988,246.980312499999,103597.0381875,75584.4611874998,117243.2726875,89076.9406249999,75302.9290000001,97949.7801874999,92467.8513749998,72960.2476875002,82311.4206250002,87418.5656875001,69346.5389375001,91579.385125,155.224812500002,447.178937499998,47.3861250000003,463.558750000002,40.9826875000008,49.9482500000004,246.2635625,269.212937499999,442.878499999998,480.599624999998,280.536937499999,157.522812500002,94186.1554999996,68408.8111249998,48703.9255000001,69761.826875,65792.7948125001,51618.7835000003,60418.9446250002,56338.633125,51436.7103124999,69891.4403750001,63353.0327500003,46121.343125,334.376062500003,1125.852,272.463312499998,66.6001874999986,276.867312500001,340.56775,96.1236874999992,666.680375000002,366.675312500001,812.895625000001,84.4289374999992,139.1479375,39673.2638749999,40413.0280625002,38442.0784374999,41425.1005625001,41223.4682499998,42347.4136874999,121.1954609375,98808.2573541664,87443.2166041666,82579.8398958334,82781.4965833334,216.596625,184.829895833334,319.451666666666,306.219791666666,70432.9640416665,62391.1350625001,56064.7626875,59788.6054166668,577.563791666667,228.01175,376.493125000001,345.490833333334,40587.3921458333,79.4898401212026,21238.254643459,11411.4748305982,9756.57148212695,11819.546091406,206.841600648457,241.427889723894,107.504910786639,163.062452583049,22808.5775031182,9537.87043935164,4497.37557621851,12279.3826180137,475.839538816578,143.369124346707,285.405020093301,405.707988206999,1390.85788382803
2983,6.387,634.54083,DG 36:4|DG 16:0_20:4,[M+NH4]+,null,0.76,True,10.680,634.54053,C39H68O5,DG,GYMMHHODMBOFGD-UHFFFAOYSA-N,O=C(OCC(OC(=O)CCCCCCC=CCC=CCC=CCC=CCC)CO)CCCCCCCCCCCCCCC,410,False,True,True,Normalized unit: NormalizedByInternalStandardPeakHeight; Annotation method: Msp20230821112155_conventional_converted_dev_1; Tag: Confirmed,False,False,2983,0,0.00,0.99,0.32,0.38,0.89,4.00,2.00,2.31,54.30,Lenti-C_Time 2_Expt III_10-4-2023_B-F2_13996,634.53906:11692 634.59686:464 634.67700:134 634.75079:60 634.79150:134 634.90350:118 635.06165:120 635.12897:56 635.15302:118 635.18341:96 635.20868:170 635.23718:72 635.39136:336 635.44855:228 635.54407:5058 635.60547:170 635.64093:134 635.70129:56 635.72742:130 635.74823:272 635.76709:278 635.93591:188 636.11584:106 636.19385:90 636.37482:186 636.40033:108 636.43127:682 636.46155:466 636.54938:1306 636.59967:100 636.63995:102,125.13289:61 148.11688:49 150.11929:17 157.10141:30 176.11255:73 185.13231:55 203.17970:97 221.17422:42 241.20102:29 269.22635:105 287.23788:62 300.14749:32 313.27414:228 322.88034:17 331.28214:35 341.21970:45 361.27292:114 371.56271:17 395.12604:17 472.34213:17 488.62323:17 499.02319:17 574.81818:31 599.51251:64 617.51691:35 632.94208:17,2658.1004673037,518.115840644329,1520.58153105206,3516.89230618612,1828.25047616731,2522.07608703183,4829.57218655943,1659.04955088376,12354.0312060788,11112.6446661173,10057.631663601,8861.99939842334,11104.9215103361,9640.74515837443,10477.3142839571,11038.234673678,9501.82508390991,9468.3825883126,9545.05338164048,9817.71103037836,50198.6481550125,55750.9614298726,59828.9277289528,47707.7984664212,49398.1680731383,56057.8112939401,55393.8061282173,47257.2485347817,45386.8913798337,51518.0448042789,37479.6601308545,40044.8315861671,10389.6618700452,13030.9120581426,9231.51577056011,10853.3780713247,12605.1841194371,10211.396803333,10297.9483128392,10023.4454407872,11324.2478689194,11547.6788332508,11514.3977246179,9122.35382630802,66926.3836895722,81307.2423189625,66656.6801786505,51257.9953204132,54967.4386118223,55042.7241242076,51895.5781638832,58913.2688307609,48912.3553259446,55753.008648022,51315.5948174961,40786.722346177,32318.4950814876,32015.7540360017,32486.8597073181,31907.7653072663,30192.4383648619,34080.2454389711,2381.57980572857,11174.769178599,9869.22202237795,10339.124680515,9610.38233344381,55259.512437946,51054.5926111665,49345.9820142775,43014.1788404335,10884.0298995826,11223.3196646983,10548.5472075153,10728.1434613922,71630.1020623951,53756.052685481,53240.4007735295,49285.1086038984,32166.9263226511,1332.01476535796,1149.45957126009,1138.78275279591,777.470823733891,183.598731114392,4833.91277867237,4414.57645109577,5320.40330770419,7475.4149314318,1947.34507702035,1239.03067579706,685.65413567506,1390.75417387685,8381.73416751626,2163.70860479661,5134.2943644932,7686.97516028937,1246.97559621317
3050,11.662,642.61884,CE 16:0,[M+NH4]+,null,0.87,True,14.780,642.61841,C43H76O2,CE,BBJQPKLGPMQWBU-UHFFFAOYSA-N,O=C(OC1CC2=CCC3C(CCC4(C)C(CCC34)C(C)CCCC(C)C)C2(C)CC1)CCCCCCCCCCCCCCC,410,False,True,True,Normalized unit: NormalizedByInternalStandardPeakHeight; Annotation method: Msp20230821112155_conventional_converted_dev_1; Tag: Confirmed,False,False,3050,0,0.00,1.00,0.45,0.55,0.70,3.00,1.33,1.87,57.12,Lenti-SC_Time 0_Expt II_10-5-2023_B-D2_14035,642.61865:29896 642.70319:144 642.74030:140 642.81250:76 642.89447:128 642.93420:66 642.97858:70 643.01740:98 643.08087:160 643.13287:56 643.17645:76 643.20215:66 643.28778:60 643.31976:154 643.36774:152 643.40601:318 643.45685:152 643.48364:272 643.51959:110 643.54456:166 643.62128:12890 643.68744:88 643.71924:70 643.77002:102 643.80627:84 643.91919:228 643.97852:118 644.00989:148 644.10822:54 644.13525:146 644.19244:126 644.26306:194 644.33459:168 644.37695:312 644.39929:182 644.42834:298 644.49677:1392 644.54803:224 644.62476:3720,119.08347:93 135.11664:105 161.13231:143 173.13182:57 189.16310:78 201.16310:89 204.18188:83 217.19456:40 233.22163:59 259.23840:73 287.27716:49 369.35062:1100 377.32968:41 419.21161:17 487.20764:17 624.35822:44 644.48694:43,7643.17215318986,4777.83136516296,3574.90919261426,6310.20341212356,5254.01924790361,5914.03885239752,6169.32188337906,5399.95581346433,17735.8554517444,15146.4914325922,18164.0260634397,13282.40809533,13700.377907157,14487.6818921497,16518.633957039,15613.7325086295,15898.9963353018,15342.1961439259,16303.7260113024,15167.3853238441,39997.8371523558,42952.7057663867,55333.7549162788,30890.0059441323,36509.5994930262,47744.450026545,47103.8535903146,37948.9143508593,45503.8244935452,42711.9227713022,36381.7120448198,35690.6817473139,27605.3627149171,39249.0403043089,28352.8538478247,24827.2081582854,32648.3488857228,24474.5595580305,22156.9631244161,27848.1168668504,24698.8914376512,21458.6559470588,24532.4757965365,26385.1198337281,77449.4767039729,129632.862334127,94090.8272758486,57844.1387421594,84454.8846003433,75948.3504845953,54742.9557320957,90186.355283241,59301.6801206759,54894.891829025,80898.0379401449,56400.1825118927,37810.1157409497,40364.4508676098,39178.0440870179,38587.2849010334,39251.6988772962,41351.8415005095,5630.4314900294,17015.4576492588,13823.4892982122,16010.4542669901,15604.4358263575,46094.7659450071,38381.3518212345,43518.8641449064,38261.4388544786,31735.7522890169,27316.7055340129,24901.3238096392,24125.4171924411,100391.055437983,72749.1246090327,68076.9970453375,64064.3707603542,39423.9059957361,1197.07709125451,1632.66915125528,611.99554106276,462.632479118757,611.878074271844,8136.46114966492,8581.70518693162,4889.60926954096,3869.6881060942,6517.42344404536,4620.70404605074,2850.97209367744,2488.32958770341,26656.0704179657,13590.7775139749,19282.4605090149,14597.7990823944,1264.58824752714
3130,6.388,650.59192,DG 36:4|DG 16:0_20:4 (M+16),[M+NH4]+,null,0.48,True,14.170,650.58710,C44H72O2,BRSE,YGKYOABLBWWXHC-UHFFFAOYSA-N,O=C(OC1CC2=CCC3C(CCC4(C)C(CCC34)C(C=CC(C)C(C)C)C)C2(C)CC1)CCCCCCCC=CCC=CCCC,530,False,True,False,Normalized unit: Intensity; Annotation method: Msp20230821112155_conventional_converted_dev_1; Tag: Confirmed,False,False,3130,0,0.00,0.97,0.01,0.11,0.13,2.00,0.50,0.88,49.84,QC4_10-4-2023_B-F5_14015,650.59052:6912 650.64716:76 650.69922:122 650.73944:166 650.79010:126 650.81921:84 650.95544:312 651.01715:68 651.04944:110 651.10687:746 651.13965:108 651.19604:54 651.30939:66 651.36334:142 651.44446:1636 651.51807:138 651.59351:2284 651.71094:188 651.77997:452 651.87390:208 651.95203:634 652.08911:208 652.11426:400 652.24207:104 652.28418:98 652.40961:714 652.43915:452 652.48352:92 652.51404:86 652.56262:108 652.60004:558 652.67603:156,133.08348:45 160.38489:17 172.10782:35 191.18005:52 204.18367:54 226.95625:45 234.91571:45 329.32870:103 356.62558:17 362.26974:53 393.86935:33 422.54034:17 523.77997:17 616.56573:64 633.56970:66 649.51770:69 650.57245:59,0,0,151.676062499999,44.6737500000007,42.4712499999997,0,66.4885000000003,74.8070624999982,53434.7623125,44242.8511249998,64961.7177499999,43022.7797499999,39499.6554999999,49437.9680625001,46998.8318124998,39165.5995625001,41591.0444375,38722.70425,33291.280125,37582.2585624999,0,93.6916250000001,181.122125000002,139.462499999999,113.357999999999,0,0,0,0,279.256124999999,122.9165,0,61107.7669375,49730.80075,41555.19975,45026.2486250001,41627.7525624999,35305.400125,38759.8961875001,42559.6915000001,41892.982,43473.6435625,44922.3345000001,36435.6714999999,0,0,120.7953125,0,0,103.918124999999,0,95.9495625000007,0,0,0,0,23453.2219375001,22972.7420624999,23088.6323125,24667.3988125,25018.9778125,26047.2386249999,47.5145781249997,54213.1103958333,43986.8011041666,42585.1586041666,36532.0809791666,91.6045833333339,84.2734999999995,0,134.057541666666,50797.9224791667,40653.1337708333,41070.8565625001,41610.5498541667,40.2651041666667,34.6393749999996,31.9831875000002,0,24208.0352604167,51.7699790392678,10381.3403691555,5038.80114967385,4010.12208079561,2863.95648078139,90.5790971931045,74.1409356007188,0,139.961022947704,9819.86672486289,4933.16685626898,2028.92305927615,4539.73576801737,69.74120618872,59.9971574424304,55.3965057380022,0,1232.88824385122
3202,11.663,658.67224,CE 16:0 (M+16),[M+H]+,null,0.48,True,null,null,null,null,null,null,999,False,False,False,Normalized unit: Intensity; Tag: Confirmed,False,False,3202,0,0.00,null,null,null,null,null,null,null,21.49,Lenti-SC_13C_Time 0_Expt II_10-4-2023_B-A5_14019,658.66998:17290 658.75745:62 658.86401:104 658.89471:104 658.94031:76 658.97052:174 659.04761:164 659.06677:238 659.09576:152 659.24744:92 659.29645:60 659.39331:124 659.46307:1900 659.50598:898 659.67450:5148 659.74561:208 659.78638:202 659.81891:78 659.84137:172 659.91968:110 659.96393:386 660.00244:172 660.06946:88 660.11127:450 660.36169:68 660.44354:1392 660.52020:344 660.57178:140 660.63348:58 660.67969:1216 660.77856:1572,125.13179:76 133.08672:81 135.11804:123 147.11647:153 161.13228:183 163.14552:50 175.14655:150 178.11507:79 189.16357:77 203.17644:90 219.20857:68 233.22815:142 243.20885:54 257.22394:71 274.25900:44 287.27054:55 315.19180:76 339.33069:77 366.59866:58 369.35089:1753 371.35519:69 377.90649:39 386.37308:40 418.58850:43 428.02292:32 438.80597:49 454.84842:28 459.27817:28 497.83203:40 503.31085:41 516.50372:33 544.72070:76 575.14539:44 630.08765:90 658.47833:130 660.45410:157 661.43323:71 662.47089:56,418.032499999994,86.7296250000015,66.5313750000019,126.085124999998,205.518500000002,301.597125000005,198.356062499998,221.318437499997,45339.7049374998,34962.8480625002,49656.1726874997,24602.8709375,28561.956625,38648.0656875,32669.4655624999,21540.8554374999,29315.8451250002,26296.8813749999,32670.8218124999,31612.197875,162.439624999999,232.878500000001,45.3494374999996,108.748750000001,478.384062499995,163.304750000001,333.8863125,73.1199999999994,338.933187500001,101.180874999998,257.343874999998,208.451562500002,46465.4255624999,87351.4992500002,57747.8115000004,38036.3320625002,66787.0840000001,47242.1343750002,32503.0271249998,59376.2096875,48053.076125,31782.1724374999,55217.4390624999,37495.2563125,32.6619999999997,65.9750625000021,107.940124999999,93.9469999999997,84.9673750000013,273.357125000002,115.498249999999,105.44425,178.499437500002,63.4290000000003,30.7987499999992,96.6266874999976,22931.4453125,21875.4697500001,23004.420375,21613.3843124999,23002.3155,22989.0438125001,203.02109375,43319.5752291666,30604.29775,27842.055375,30193.3003541666,146.8891875,250.145854166666,248.6465,188.992104166666,63854.9121041668,50688.5168125002,46644.1043124999,41498.2892708333,68.8590625000002,150.757166666668,133.1473125,63.6181458333324,22569.3465104167,116.117073565208,7552.0950843307,7241.90871556016,5708.81187279518,3415.65979075344,94.7267090126295,199.533453564574,152.031351663083,79.8794312149264,21116.1138407848,14681.9480373704,13491.8822421366,12219.7027416929,37.7218387393677,106.269566451485,39.5964917702542,32.9143763572337,644.878510096693
5496,11.053,796.73804,TG 46:0|TG 14:0_16:0_16:0,[M+NH4]+,null,1.00,True,14.280,796.73889,C49H94O6,TG,JWVXCFSNEOMSHH-UHFFFAOYSA-N,O=C(OCC(OC(=O)CCCCCCCCCCCCCCC)COC(=O)CCCCCCCCCCCCCCC)CCCCCCCCCCCCC,410,False,True,True,Normalized unit: NormalizedByInternalStandardPeakHeight; Annotation method: Msp20230821112155_conventional_converted_dev_1; Tag: Confirmed,False,False,5496,0,0.00,1.00,0.57,0.62,0.81,4.00,1.75,2.23,73.41,Lenti-SC_Time 1_Expt II_10-4-2023_B-D3_13984,796.73785:26862 796.87262:180 796.93530:190 796.96954:170 797.05408:290 797.11761:78 797.15918:104 797.21985:146 797.33221:76 797.38904:148 797.46143:246 797.54614:256 797.59235:234 797.64478:224 797.74225:12816 797.82141:150 797.85089:306 797.86957:240 797.91315:78 797.94855:214 797.97559:132 798.00012:98 798.04041:150 798.05664:186 798.15143:124 798.21399:128 798.24506:114 798.27472:106 798.29816:142 798.38440:242 798.45746:278 798.50391:98 798.53387:362 798.55951:162 798.58020:278 798.61603:86 798.74481:3680 798.80493:238 798.83429:184,169.15839:31 211.20406:40 221.06664:56 285.24207:33 313.14557:39 410.90985:17 469.30884:38 523.47095:285 551.50250:161 598.27161:17 641.33899:33 671.56689:24 796.73932:124,36757.278726562,26154.9670282831,32075.1411491649,28023.651561735,29267.5948470841,30091.4513329352,31513.1041834151,27985.9240403575,26693.9015142795,26511.249135962,19592.9844275223,27000.2653202964,27045.0139013693,21919.2362815833,24798.264036448,27581.8574914318,21000.9653475476,27777.849516099,26739.5750084627,25067.1297106525,118572.999325604,123838.997410692,141537.771546457,91932.5607151092,117407.366903968,126578.830214596,125397.80936352,110587.315063265,113711.218028556,117139.217331569,93927.8737683058,105134.350523423,22867.8948412046,22598.6898772555,19101.8786272083,29127.0525587131,23111.956556139,22336.2146856703,55666.1179103403,19078.5686524498,21549.5814962281,23102.6463660358,22379.0684994542,22277.1620495317,101145.613201447,154198.433138691,105548.317754584,77771.4893336795,99731.7644414082,99257.7139525681,77573.0850774446,117969.742833279,73843.3434840283,89297.8277386461,91398.4066688298,66561.4411213055,64568.0063773684,64588.4006879448,71885.7427403172,66782.8016195402,73765.4621111809,61507.0643580606,30233.6391086921,24266.0450259213,25321.5051677497,24460.3622918091,26528.1847450714,127983.256094251,111972.919277891,116565.447485114,105400.480541099,21522.8211152228,24858.4079335075,32098.0893530061,22586.2923050072,120297.454698241,92253.6559092186,89795.3904649172,82419.2251762605,67182.912982402,3275.69681378603,4048.01951453523,2946.53623585539,3303.43284238256,1367.66766741869,12030.2265488269,17951.0699766949,7806.89789208771,11607.9600444134,2100.91402152944,3717.04708937381,20447.8716173107,450.069292875525,29441.5218061239,12544.1636830735,24470.8672020601,13773.3472442494,4719.98173879917
6093,11.552,824.76776,TG 48:0|TG 16:0_16:0_16:0,[M+NH4]+,null,1.00,True,14.600,824.77020,C51H98O6,TG,PVNIQBQSYATKKL-UHFFFAOYSA-N,O=C(OCC(OC(=O)CCCCCCCCCCCCCCC)COC(=O)CCCCCCCCCCCCCCC)CCCCCCCCCCCCCCC,410,False,True,True,Normalized unit: NormalizedByInternalStandardPeakHeight; Annotation method: Msp20230821112155_conventional_converted_dev_1; Tag: Confirmed,False,False,6093,0,0.00,1.00,0.54,0.55,0.84,3.00,2.00,2.38,904.80,Lenti-SC_Time 1_Expt III_10-4-2023_B-D7_14022,824.76990:260198 824.85614:566 824.90790:658 824.98389:200 825.03528:570 825.09088:402 825.15344:258 825.21558:140 825.24854:142 825.27991:100 825.30530:96 825.34082:228 825.37189:174 825.40186:324 825.43646:282 825.48505:312 825.51495:220 825.54108:332 825.60791:392 825.77344:144108 825.87115:374 825.91528:396 825.95093:220 825.98627:402 826.05023:312 826.07532:172 826.13104:202 826.16199:394 826.20630:202 826.24438:168 826.29431:132 826.32770:140 826.37872:276 826.46375:116 826.50476:376 826.55920:716 826.59131:522 826.66675:198 826.70642:254 826.77618:46670 826.87109:238,123.11681:469 137.13118:232 151.14812:171 165.16389:175 179.17955:113 197.18771:51 221.22719:85 239.23779:1057 257.24835:120 313.27652:356 331.70251:44 432.37695:57 467.92270:36 508.35699:64 524.48163:121 550.11090:47 551.28943:77 551.50275:8957 552.02820:44 552.50684:2635 553.17291:41 553.50861:491 554.51807:81 555.37469:43 558.60352:33 579.54810:153 630.78693:52 674.03558:75 752.51532:39 807.74512:24 823.52405:64 824.77026:1366 825.77222:721 826.77264:326 829.72876:264,39593.1871224643,38270.7413625993,41716.1999767533,41758.1879847738,34727.4795232027,35598.908011142,40394.1239073594,25175.1086681017,46046.0911056293,39811.1500722234,35705.4279525255,71927.7558533321,34817.2341157402,30798.5528795086,32253.9396354383,44786.4735171102,30094.4673698387,55553.0801784638,40542.5985723141,29728.3474984161,1981276.06017813,1913055.29075244,2124218.5567983,1219774.10127013,1537734.39651171,1817525.492374,2089412.47540734,1475600.03311829,1398133.68752237,1718104.11316317,1090865.61188434,1218953.39444953,39835.6494456382,36981.2080658669,30393.0346554816,55766.8157099188,33410.7459282976,29483.2250835807,238235.092168184,34672.0418157608,30014.052618161,26199.5660247992,37153.2864642052,30850.4583811813,1586160.43438961,2244179.64880496,1579758.42277976,985085.93367946,1230524.91737855,1095900.02621262,929686.469405208,1085046.43122256,730345.238856679,920182.928353154,793172.162904505,632371.592788443,736235.016105977,721629.900363777,716388.081410204,694748.706213982,712167.416126187,728388.396755761,37154.2420695496,40520.8897101261,45847.8476161936,35711.6268407957,41941.3420830647,2006183.30257629,1525011.33005194,1654382.06534933,1342641.03983235,35736.6307223289,39553.5955739324,100973.728867369,31401.1036233952,1803366.16865811,1103836.95909021,915026.046494816,781908.894682034,718259.586162648,5496.84992183412,5206.73855467099,22675.0669230056,7932.87222671812,12969.0619188757,107762.513309126,299078.733290678,378733.219999812,331407.618480456,4842.77535013314,14177.7196819478,118894.640784352,5497.58178686275,381769.09205375,122911.837743312,177804.471165317,144235.873236079,14355.8102888354
6187,11.054,828.84253,TG 46:0|TG 14:0_16:0_16:0 (M+32),[M+H-H2O]+,null,0.16,True,15.210,828.85309,C56H111NO3,Cer_NDS,JZEQJSOSOBKHSI-UHFFFAOYSA-N,O=C(NC(CO)C(O)CCCCCCCCCCCCCCC)CCCCCCCCCCCCCCCCCCCCCCCCCC=CCCCCCCCCCC,530,False,True,False,Normalized unit: Intensity; Annotation method: Msp20230821112155_conventional_converted_dev_1; Tag: Confirmed,False,False,6187,0,0.00,0.87,0.00,0.01,0.09,6.00,0.17,0.58,42.89,Lenti-SC_13C_Time 0_Expt II_10-4-2023_B-A5_14019,828.84418:6372 828.99658:68 829.05896:568 829.15259:246 829.20197:94 829.23474:128 829.27698:254 829.31097:138 829.35144:122 829.44373:102 829.46802:156 829.51849:384 829.55255:428 829.59131:230 829.63043:234 829.65015:194 829.68231:238 829.79395:80868 829.98138:400 830.02600:96 830.07037:198 830.09583:186 830.14838:232 830.18524:90 830.25549:234 830.33362:282 830.36981:172 830.42096:286 830.46362:248 830.51221:150 830.53021:152 830.58472:292 830.61493:196 830.66998:322 830.70850:454 830.73090:484 830.79877:46226 830.90454:222 830.93237:136 830.95001:110,117.08849:68 121.10073:111 134.15320:71 137.13379:75 158.96190:62 165.92538:68 172.20251:24 190.62044:55 200.94257:53 204.95096:37 225.22131:123 242.92218:46 254.28398:58 272.29443:122 300.16833:68 337.97757:54 364.63345:20 384.94989:18 397.27005:28 422.09955:31 434.88882:39 460.78467:36 488.88339:31 523.47137:543 539.52563:269 553.58051:101 570.54486:947 583.61230:170 604.38739:63 619.53418:43 635.77185:58 673.07214:57 706.96655:54 745.63953:63 752.12726:55 781.65350:81 813.77704:62 818.23248:56 826.55548:119 827.57526:159 828.75061:153 829.79639:644 830.79437:221,46.5824999999996,206.993437499998,174.846749999999,59.9761874999998,193.662312499997,281.060749999988,97.5375000000009,512.602250000001,39704.4302499999,29240.1338750003,44564.9078749997,27915.4093124998,24703.761875,39773.3390624998,31516.5520625,23318.7062499999,29993.2556874999,29236.1027499997,26211.7720625,30726.5365000001,99.2457500000011,68.9461250000016,190.508937499999,133.428750000003,161.319500000002,423.360375000003,344.186125000001,431.206687499996,742.713312500001,57.5281250000006,392.951062500008,123.620125000001,25413.6260000001,32269.8386249998,26180.24225,20909.0026874999,27080.6163125,23492.7063749999,22008.8738750001,24915.2495625,19687.9120625,18047.9704374999,22105.7678125001,17015.161,251.259187500001,440.552687500002,443.478562499996,78.1921874999988,209.481374999994,248.324750000001,472.060312499998,234.29325,161.463625000002,356.835562499996,45.5700625000024,105.401687499999,14522.9415,14617.2055,14926.1009375,15888.4789374999,14792.01575,15356.5837500001,196.657710937498,37836.4906666666,30797.5034166665,28276.1713333333,28724.8037708333,119.5669375,239.369541666669,506.035374999999,191.366437500003,27954.5689583333,23827.4417916666,22204.0118333334,19056.29975,378.430145833333,178.666104166665,289.272395833333,169.269104166666,15017.2210625,150.506557257349,7831.28809666724,7937.4359192033,4360.3271667243,2300.40093594604,63.2778977351885,159.949815713903,209.536343265064,177.677541893438,3756.73918987334,3099.39341379083,2619.1264673195,2690.93207489585,110.142996457753,89.1541243751679,162.433387666806,165.169119560276,517.223813164521
6376,11.784,838.78662,TG 49:0|TG 16:0_16:0_17:0,[M+NH4]+,null,0.53,True,14.820,838.78583,C52H100O6,TG,TTWJTJMWHOYBPQ-UHFFFAOYSA-N,O=C(OCC(OC(=O)CCCCCCCCCCCCCCC)COC(=O)CCCCCCCCCCCCCCCC)CCCCCCCCCCCCCCC,410,False,True,True,Normalized unit: NormalizedByInternalStandardPeakHeight; Annotation method: Msp20230821112155_conventional_converted_dev_1; Tag: Confirmed,False,False,6376,0,0.00,1.00,0.30,0.37,0.79,4.00,1.75,2.11,36.60,Lenti-C_Time 0_Expt II_10-4-2023_B-E5_14017,838.78491:9288 838.90710:112 838.94360:98 838.97626:130 839.00201:96 839.03693:132 839.07678:98 839.11005:154 839.14319:160 839.20142:182 839.23602:112 839.31714:240 839.34320:174 839.36908:136 839.39789:90 839.45203:194 839.49194:204 839.52472:148 839.62189:160 839.65735:222 839.74835:2278 839.78839:5404 839.85028:210 839.89526:180 839.94830:146 839.99438:128 840.03687:196 840.08868:110 840.13800:70 840.23120:132 840.28137:74 840.36646:140 840.39105:106 840.44904:194 840.47913:468 840.52875:118 840.58862:196 840.61993:174 840.70288:340 840.74701:2144 840.79504:1670 840.84467:236 840.87817:148,123.11633:48 126.15817:17 151.04459:17 173.07779:38 179.17717:43 218.91750:31 226.95177:42 239.23404:48 248.98193:48 266.26828:52 274.54031:26 300.26456:42 334.89096:64 385.82449:40 424.85587:50 494.06943:17 523.46851:31 537.48450:68 551.49866:135 565.51965:228 579.52710:51 622.56659:33 654.15143:17 773.11121:42 818.77185:21 838.78760:125 841.74365:50,14056.224041154,11169.5813413061,8737.31416407759,12651.7341119296,11913.7353673788,12115.9846253859,13835.9762603727,6391.56576524131,8031.83498031339,12316.5180710304,8524.26674293581,11920.3539096409,6382.85070564213,6727.63839823458,9802.97882399892,12844.6213699367,10001.8678195286,9077.46975956476,15182.1681172594,12510.1799829403,44029.837850415,43315.78596166,47740.9046170805,33463.2388705461,41520.1003081316,54847.9325538444,58385.7644790201,40199.5148725174,40724.0174850284,48225.6452978331,35855.5006158642,35793.2357373066,10578.7499757593,8853.4586504461,8261.59760636522,8251.91213364529,8754.04973473407,3925.93550609549,11902.0211829665,10365.8711413677,12550.8769327475,7966.56974788033,14852.159867279,5322.50789602323,24324.1233538874,32451.1127504095,25910.7708371562,21187.9777032973,23575.640923615,22374.5562807287,31796.1598354777,23497.4613396237,21946.4138368789,19005.3264533652,22571.8995261088,16685.7412014685,31909.5559489808,21624.7823488663,20301.8541276969,22308.837985059,21778.8403612599,22372.4209183036,11359.0144596058,9624.20659809318,8343.61433783921,10883.1560044881,12256.6059532548,45028.8428097185,43277.0905775073,46436.4322788553,39958.1272170013,9231.26874419022,6977.29912482495,11606.2564190272,9380.41250372754,27562.0023138177,22379.3916358803,25746.6783373268,19420.9890603142,23382.7152816944,2606.22514056482,2344.57417470459,3102.34090834809,1701.58719818482,3060.23861014272,2375.69504780649,10800.071392687,10351.7477157268,7159.94836862924,1203.89124340548,2654.4586063614,1122.12752117655,4919.6321180563,4307.77357865216,1193.83895434395,5296.0935496171,2965.01205862549,4243.47422099273
6413,11.550,840.82288,TG 48:0|TG 16:0_16:0_16:0 (M+16),[M+Na]+,null,0.48,True,15.020,840.81427,C54H107NO3,Cer_NS,YZWCXKXYDXDQIU-UHFFFAOYSA-N,O=C(NC(CO)C(O)C=CCCCCCCCCCCCCC)CCCCCCCCCCCCCCCCCCCCCCCCCCCCCCCCCCC,410,False,True,True,Normalized unit: Intensity; Annotation method: Msp20230821112155_conventional_converted_dev_1; Tag: Confirmed,False,False,6413,0,0.00,0.95,0.13,0.14,0.75,2.00,2.00,2.14,45.97,Lenti-SC_13C_Time 0_Expt I_10-5-2023_B-A1_14029,840.81940:7780 840.91187:158 840.96649:384 841.04462:58 841.07471:250 841.10431:184 841.20740:58 841.29034:108 841.34833:136 841.41229:92 841.48047:360 841.53082:110 841.56915:146 841.62476:134 841.75006:188 841.82343:2824 841.89404:130 841.94971:114 842.02112:166 842.06000:84 842.08478:110 842.14368:168 842.22253:266 842.29846:126 842.36865:78 842.39783:320 842.49683:204 842.56702:446 842.64056:188 842.82758:1358,117.11868:22 138.74603:17 154.71986:17 173.09827:17 211.20309:37 239.24115:22 255.28763:56 264.24954:17 270.41684:17 329.97369:39 367.19034:38 409.08331:17 449.10370:33 485.11591:34 509.75262:30 551.50244:141 567.55292:190 626.74133:46 691.08374:37 708.73138:38 775.76056:50 780.68744:49 797.03534:43 814.07599:48 840.83044:155 843.72504:59,105.886750000007,361.712437499999,424.588499999999,324.477562499996,90.9735624999974,261.761937499998,393.836874999997,170.244750000008,52101.5391250002,44911.9843750001,69581.9412500003,41360.641875,43110.2011875001,57694.6664374999,49036.5637499998,35865.343875,48352.3541249996,42470.1255000001,44285.4175,56689.4641249999,169.814812500002,195.346999999998,446.439249999998,221.816687499999,89.0783749999964,225.413875000004,154.635,138.000125,111.54825,1058.408125,66.0726249999984,218.256750000004,33723.3493749999,42045.0128125001,31413.2578124999,26057.3564375,34252.6261249998,29679.3957499998,26407.0120000001,35012.175875,29785.0907500002,26647.2271250002,33481.3649374999,27189.0286874999,90.8084999999997,312.225562500003,135.976749999999,274.228562500006,517.450374999997,298.403749999994,100.127749999994,174.508062499999,239.005500000007,739.062937500001,360.4386875,118.412437500001,20090.6788125,21130.0641249999,21847.2391249997,21900.5271249999,21098.3951875001,22621.2434375001,266.685296875,55531.8215833335,47388.5031666666,44418.0872499998,47815.002375,270.5336875,178.769645833333,134.727791666667,447.579166666667,35727.2066666667,29996.4594374999,30401.4262083334,29105.8735833334,179.670270833334,363.360895833333,171.213770833333,405.971354166667,21448.0246354166,130.67235669059,12687.6641412655,8968.16539046826,7414.7892843754,7738.91948371829,152.872653991695,77.6957398269156,21.7289698438276,534.438035911968,5591.97072855641,4106.82460657402,4335.5637899586,3798.95784078629,116.996673942648,133.991737114851,69.4974577193678,312.82052136632,872.50219361997
6462,11.051,842.88947,TG 46:0|TG 14:0_16:0_16:0 (M+46),[M+H]+,null,0.48,True,null,null,null,null,null,null,999,False,False,False,Normalized unit: Intensity; Tag: Confirmed,False,False,6462,0,0.00,null,null,null,null,null,null,null,52.93,Lenti-C_13C_Time 0_Expt III_10-4-2023_B-C3_14013,842.89093:18084 842.98975:182 843.03217:114 843.07703:326 843.10675:152 843.21863:94 843.24286:178 843.34351:134 843.38190:90 843.54102:62 843.58093:280 843.68054:1018 843.75879:1980 843.81128:1688 843.89655:804 843.94489:392 843.97626:146 844.04730:144 844.08887:398 844.14154:148 844.18701:80 844.35333:94 844.38904:150 844.44067:104 844.49481:114 844.54395:356 844.57141:462 844.61511:112 844.68152:486 844.76147:660 844.81915:870 844.86249:188 844.89764:314 844.93719:124 844.96783:130,121.15846:40 154.84280:17 164.96736:17 192.22250:34 212.40050:17 255.29092:38 269.29126:17 310.84442:17 473.89627:30 497.39169:54 539.54761:48 553.57190:326 567.43317:35 583.60553:83 641.86200:39 709.13916:24 839.70990:79 842.89093:121 844.80121:39,222.428000000001,171.992500000003,249.790999999991,321.574937500001,370.459312499997,210.967875000004,302.798125000002,134.126312500003,67445.2637499999,52407.0725000005,81291.0648124995,41392.5655624997,38620.6687499999,59124.1136249997,42411.3,37325.7134999999,40019.9782499998,35372.3276249996,33898.5708125,38046.2460000001,39.2214999999987,179.697687499998,336.477500000001,314.277687500001,364.264374999998,446.049250000007,332.062750000004,81.0901250000027,329.622312499997,103.078500000006,682.063062499989,114.758687500006,37420.5660000001,53853.4608124997,40662.7489375001,24697.9406874999,36402.3916250001,27861.1400624999,20037.3765625,29011.6016250001,22700.113,17141.4018124999,22822.3749375,17671.3968749999,290.43381250001,241.217687499999,401.327437500004,120.933375000001,219.521625000003,176.585625000001,301.752812500006,222.324250000006,182.746750000003,523.085999999997,311.484875000004,503.938312499998,20660.0101875,21072.3499375,20468.7664375,20794.6549374999,22660.553375,20770.4826875001,248.0172578125,67047.8003541666,46379.1159791664,39918.9972499999,35772.3814791666,185.132229166666,374.863770833335,247.591729166668,299.96675,43978.92525,29653.824125,23916.3637291667,19211.7245416666,310.992979166671,172.346875000002,235.607937500005,446.169729166666,21071.1362604167,79.4492260818837,14446.0975990194,11124.1663386075,2544.29663836916,2102.57810316915,148.702498520857,66.5221509344601,144.199781817978,330.956644765709,8703.89435720346,6054.65358613053,4609.08106299399,3138.12378695737,82.0109292215783,49.4306181499646,60.6048924851522,117.032755844553,803.113538842966
6595,11.557,850.78253,TG 50:1|TG 16:0_16:0_18:1,[M+NH4]+,null,1.00,True,14.620,850.78583,C53H100O6,TG,YHMDGPZOSGBQRH-UHFFFAOYSA-N,O=C(OCC(OC(=O)CCCCCCCCCCCCCCC)COC(=O)CCCCCCCCCCCCCCC)CCCCCCCC=CCCCCCCCC,410,False,True,True,Normalized unit: NormalizedByInternalStandardPeakHeight; Annotation method: Msp20230821112155_conventional_converted_dev_1; Tag: Confirmed,False,False,6595,0,0.00,1.00,0.47,0.62,0.82,4.00,2.00,2.37,226.58,Lenti-C_Time 3_Expt I_10-4-2023_B-E4_13989,850.78485:54076 850.93634:152 851.00293:124 851.07562:572 851.12445:148 851.19086:160 851.22504:282 851.36169:160 851.39478:138 851.42920:136 851.48468:200 851.51660:108 851.56610:238 851.59979:280 851.69312:266 851.78729:37188 851.89673:220 851.93872:206 851.96667:112 851.99475:196 852.04572:244 852.15851:92 852.17786:104 852.21747:90 852.30280:92 852.33582:254 852.37598:162 852.47302:210 852.51630:56 852.58514:426 852.64209:110 852.68555:188 852.78864:16010,123.11381:47 135.11583:116 141.16313:78 153.12607:110 239.23463:84 257.24384:78 266.25418:75 369.36621:17 387.79102:17 440.30640:17 501.61450:32 551.50122:232 577.51898:301 781.20465:17 833.77228:49 850.79175:182,99347.4099292899,88360.4121953758,79592.2726756752,86046.7572024439,85618.3427890344,89649.8000104459,81577.8627933442,79390.2124828505,81755.0449357367,87145.7016668592,77204.1168455565,81126.7172991262,83756.3134896909,76051.1228064564,82010.4276824054,92699.6917922842,79197.1708282545,82542.759250578,83584.0911668047,76817.7176457695,334278.936564342,406780.654008957,511789.038725704,254435.186460324,349467.703690824,440682.622512273,348318.312738392,347992.957281148,380312.72805514,326491.27812936,298815.894065779,329775.075033667,59888.782081811,80341.8093976662,61270.8470541129,64973.9009873503,75709.4122740825,61557.811453445,85346.8624566185,66103.6941552774,75103.3974755686,70329.4590636023,74105.8144668012,63101.6900108366,449950.735081832,831342.900448044,570606.933318161,319710.612530986,495446.668505296,434025.525564299,322693.634902273,536665.997936267,344264.477869481,336281.060768126,444353.86189179,311629.76321134,238755.913458967,246328.400348141,244823.838366103,247003.330171076,240766.144910129,243914.606618342,86197.8837598075,82034.9544827175,80311.3845317579,84635.7634343147,80981.5226877174,417616.209766334,348195.170887807,358874.666024894,318360.749076268,67167.1461778634,67413.7082382926,75517.9846958215,69178.98784708,617300.189616012,416394.26886686,401208.036902673,364088.228623752,243598.70564546,6559.44335869602,4976.69962984077,3916.76735426157,7123.81982883518,3643.35660626997,89249.7397405882,93130.238718594,18566.6190178212,17005.7886780644,11430.5003877055,7384.54101572874,9628.28092085147,5591.54511522751,194936.377027108,89184.8431736006,117804.79498778,70596.3917686144,3228.60593504456
6632,11.990,852.80194,TG 50:0|TG 16:0_16:0_18:0,[M+NH4]+,null,0.98,True,14.970,852.80151,C53H102O6,TG,DQKMNCLZNGAXNX-UHFFFAOYSA-N,O=C(OCC(OC(=O)CCCCCCCCCCCCCCC)COC(=O)CCCCCCCCCCCCCCCCC)CCCCCCCCCCCCCCC,410,False,True,True,Normalized unit: NormalizedByInternalStandardPeakHeight; Annotation method: Msp20230821112155_conventional_converted_dev_1; Tag: Confirmed,False,False,6632,0,0.00,0.99,0.63,0.71,0.88,4.00,1.75,2.28,492.69,Lenti-SC_Time 2_Expt I_10-4-2023_B-C9_14011,852.79950:130620 852.91113:558 852.93835:230 852.99585:198 853.03326:266 853.08435:176 853.18451:206 853.25641:106 853.33423:516 853.43652:176 853.47815:116 853.49542:146 853.53156:256 853.57373:178 853.60205:174 853.67889:330 853.80298:76342 853.89124:418 853.93884:254 853.97321:194 854.03674:184 854.07666:200 854.13226:188 854.16638:130 854.20782:112 854.23981:156 854.27405:172 854.32123:116 854.35449:152 854.38306:184 854.42664:138 854.45361:214 854.47864:126 854.50775:68 854.55933:132 854.59406:244 854.67065:216 854.69904:160 854.72125:140 854.80542:26480 854.87402:516,141.16513:112 151.14740:143 169.15930:41 179.17766:31 204.95335:28 221.22748:109 239.23549:333 256.26215:97 267.26428:106 313.27298:149 341.30814:60 391.03577:36 495.43442:26 551.50293:1001 553.50098:92 579.53162:1945 610.57623:38 651.26794:23 734.36334:17 784.47766:17 852.79706:302 857.76605:165,30021.2659660352,24217.3048431573,27678.6664120895,30425.761205879,29422.8493983129,29642.6077265127,26406.1580926994,30006.0292399412,30987.2484545203,29581.790714214,23202.3659112749,33142.7379724352,28867.2690665357,23580.7981194253,26204.7050401884,27313.381520819,28573.8840062256,35414.7202960658,29871.5806649996,25230.5039127085,761482.917894096,707944.283188097,733028.849405488,483075.315612682,626278.223391713,712607.227212435,955646.539855401,633302.527718515,608725.781774745,742549.464376218,472512.441958076,518805.654664284,20945.5109074509,29147.8547596765,18658.7718239867,30552.422667216,24350.1994826685,21331.2384311841,85140.8084893594,18612.5515582006,19443.6806761076,21497.9886476392,22607.1003182176,20605.2042567628,612311.476169986,745661.435550263,547116.13794385,455631.220429937,493016.004933932,457200.375310385,423087.647152061,502660.971664547,335573.363094625,447060.13462719,370251.852292196,290168.848358048,308555.327586906,329734.977740098,296164.171008464,310300.076611534,310870.657995378,302739.639872997,28477.5803605784,27923.8016933364,28530.2683861321,27363.9901890777,30172.268291258,734152.016829227,607320.25540561,732558.28311622,577955.853666193,22917.3791637047,25411.2868603562,41065.6802412225,21570.0977408732,635029.683221366,468615.866891418,420440.660637078,369160.278425811,309727.475135896,2198.84233637627,4148.83052775659,4789.86957359897,1185.40000474753,5098.76216568291,26786.9834125069,115934.369465145,193590.500364793,144409.341458882,5515.56103428837,4701.27530527905,38172.4428281705,1002.89418744566,101203.490548137,21145.699660451,83575.2483550709,78451.3389109826,11279.2011272827
6713,11.549,856.87683,TG 48:0|TG 16:0_16:0_16:0 (M+32),[M+H-H2O]+,null,0.48,True,15.690,856.88440,C58H115NO3,Cer_NS,PEYFZTCDBYOOPJ-UHFFFAOYSA-N,O=C(NC(CO)C(O)C=CCCCCCCCCCCCCCCC)CCCCCCCCCCCCCCCCCCCCCCCCCCCCCCCCCCCCC,530,False,True,False,Normalized unit: Intensity; Annotation method: Msp20230821112155_conventional_converted_dev_1; Tag: Confirmed,False,False,6713,0,0.00,0.92,0.01,0.39,0.13,6.00,0.17,0.71,384.64,Lenti-SC_13C_Time 2_Expt I_10-4-2023_B-A3_14020,856.87762:37564 856.96313:254 856.99957:140 857.08771:622 857.13690:136 857.17627:152 857.24652:84 857.30286:108 857.37897:56 857.40808:80 857.43475:250 857.50714:298 857.58252:1322 857.65106:226 857.69482:194 857.74774:1206 857.81287:196 857.87903:8718 857.97729:234 858.07935:1064 858.12714:340 858.19885:104 858.30963:104 858.41516:54 858.46527:74 858.50146:104 858.53455:80 858.58136:880 858.65509:162 858.71674:266 858.75305:388 858.78131:332 858.81506:186 858.84314:418 858.88257:4258 858.97430:168,167.19330:32 210.68275:17 239.23395:58 249.25537:56 329.32922:42 353.04874:32 494.70944:20 567.55786:203 583.61121:170 856.88531:210,236.727875000003,310.857875000005,278.952062499996,232.223124999997,352.660937499995,262.382375000004,579.315375,257.694312499998,450174.836312502,391125.26525,556255.854875002,337826.199437499,292931.342187501,425065.261249998,332859.204999999,279690.5960625,323318.259124997,290500.902062501,267830.585,322201.8105,65.6656874999992,276.274687499997,567.379750000004,79.775,407.419124999995,677.243062499999,801.953812499997,393.174625000003,910.249,52.1282499999998,564.678812499994,178.527500000003,283636.821124999,344948.017625001,261167.660249999,198765.4995625,257845.246187499,193981.035124999,165677.1168125,206037.29525,171102.965625001,154103.506125001,185581.4745625,133280.173125,416.009187499998,285.4625,497.4441875,849.360812500007,486.628624999998,834.185437499989,800.129187499999,1351.183375,534.254062499993,204.307062500001,759.854062500008,537.257750000004,140420.6663125,148073.1496875,151861.117687498,152972.563062499,150383.2060625,156092.553437501,313.8517421875,465851.985479168,351940.934291666,311956.020062499,293511.0991875,303.106708333333,388.145729166665,701.792479166667,265.111520833332,296584.166333333,216863.926958333,180939.125895834,157655.051270834,399.638624999999,723.391624999998,895.188874999997,500.472958333338,149967.209375,114.404120537384,83674.1158421804,67188.26122699,28346.9681178113,27310.3186660548,251.930978909036,299.19996535275,272.700745950102,267.019876184367,43364.8749730535,35571.3953804253,21904.3040869104,26330.9065112887,106.934818680641,205.183117308291,416.678093432006,279.594273860754,5385.83102510863
6863,11.547,866.83624,TG 50:1|TG 16:0_16:0_18:1 (M+16),[M+NH4]+,null,0.48,True,16.190,866.85352,C55H108O5,EtherTG,HLQSPMCOKPQYOV-UHFFFAOYSA-N,O=C(OCC(OC(=O)CCCCCCCCCCCCCCC)COCCCCCCCCCCCCCCCCCCCC)CCCCCCCCCCCCCCC,410,False,True,True,Normalized unit: Intensity; Annotation method: Msp20230821112155_conventional_converted_dev_1; Tag: Confirmed,False,False,6863,0,0.00,0.65,0.16,0.18,0.68,4.00,1.75,1.82,66.05,QC4_10-4-2023_B-F5_14015,866.83752:9000 866.91754:252 866.94873:96 866.98511:240 867.04828:100 867.07697:446 867.13629:228 867.17261:72 867.22144:86 867.24731:202 867.32623:68 867.40637:126 867.51276:106 867.55719:220 867.58716:172 867.61743:146 867.67206:108 867.77197:766 867.83734:3712 867.94073:86 868.04419:158 868.07495:286 868.13757:90 868.20862:66 868.27478:164 868.35846:254 868.38654:166 868.43933:72 868.47107:100 868.50323:94 868.52863:136 868.55774:182 868.58014:150 868.61395:118 868.64935:194 868.68713:212 868.73053:132 868.77924:664 868.84467:1364 868.92249:138,124.02851:17 149.13324:42 239.23466:52 265.25146:26 329.31424:17 336.18091:23 369.71136:17 386.03391:21 398.88104:29 462.36694:17 505.75900:31 514.13953:41 551.49066:64 567.56256:76 577.54218:99 593.56445:63 594.57233:70 630.22083:34 690.81403:30 729.72333:17 810.74060:25 851.42664:49 864.84668:68 866.84229:86,71.5825624999989,247.678562500005,239.268750000001,178.037562499998,951.818187500004,417.334374999998,424.537750000009,578.395937499999,64826.7561250001,75840.0948125002,114482.48625,45897.9626875,61252.4771875001,92922.3384999997,56438.0721875,53974.5031874999,79819.9131249995,50966.2030625001,66045.4525625,86789.0564375001,295.459812500005,77.7866875,223.962187500001,371.467249999989,503.429625000003,767.536624999981,334.242124999997,184.282250000005,271.129750000001,674.259499999996,152.345749999997,330.567000000002,55054.1369999999,96442.4308125002,69414.4766874999,44731.683125,74277.7430624997,57357.8974374998,45488.2391875001,80533.5046875001,64434.3588125002,54638.0565625003,85006.5749999998,59259.2975624999,421.230937499995,151.260812499999,326.105875000001,0,212.669499999993,0,764.547625000005,355.106250000006,126.822812499997,225.549250000001,101.956750000001,233.061562499999,36196.11475,38237.5631249999,37755.3331874998,40528.3700624998,37952.3913750001,40520.9053125001,388.581710937501,85049.7790625002,66690.9261249999,63410.8294999998,67933.5706875,199.069562500002,547.477833333324,263.218041666668,385.724083333332,73637.0148333334,58789.1078749998,63485.3675625001,66301.3097083333,299.532541666665,70.8898333333311,415.492229166669,186.855854166667,38531.7796354166,278.349645914916,26077.5113181882,23979.2728261961,14263.9690168485,17985.9097218393,110.951022624219,201.675285908445,75.2923460523519,265.292703426132,21014.7588011908,14824.9346354339,17541.8954730042,16363.1958772954,136.932733966214,122.784793073419,323.122397830111,73.6206637161144,1698.43739640376
6906,11.989,868.85370,TG 50:0|TG 16:0_16:0_18:0 (M+16),[M+Na]+,null,0.48,True,15.190,868.84558,C56H111NO3,Cer_NDS,SGKHAZZNTXJQAL-UHFFFAOYSA-N,O=C(NC(CO)C(O)CCCCCCCCCCCCCCCCCCC)CCCCCCCCCCCCCCCCCCCCCCCC=CCCCCCCCC,410,False,True,True,Normalized unit: Intensity; Annotation method: Msp20230821112155_conventional_converted_dev_1; Tag: Confirmed,False,False,6906,0,0.00,0.91,0.11,0.13,0.73,2.00,2.00,2.11,65.81,Lenti-SC_13C_Time 0_Expt I_10-5-2023_B-A1_14029,868.85297:12904 868.95697:128 868.98737:78 869.04156:146 869.08203:92 869.20612:66 869.24744:98 869.27020:118 869.34393:174 869.42444:104 869.47278:98 869.51117:178 869.53375:210 869.56665:118 869.61597:266 869.65607:62 869.70490:66 869.75220:276 869.79211:364 869.85754:4572 869.93652:230 870.00330:408 870.02557:388 870.14111:250 870.25830:168 870.34979:90 870.46173:150 870.53241:110 870.59723:590 870.69379:150 870.72748:72 870.76392:280 870.80707:182 870.86145:2296 870.95453:262,123.11730:42 137.13155:79 151.02734:17 169.19284:51 207.79190:17 218.67413:17 237.27858:74 249.25809:25 267.26505:38 273.30286:42 285.27390:29 322.32196:33 329.32327:43 337.17978:53 355.28070:33 399.31815:31 466.44382:17 482.40363:32 495.43338:27 502.91916:24 551.49878:44 567.55139:139 580.53754:114 595.58850:135 619.55170:50 670.21460:39 760.52600:23 818.20197:27 868.85455:142 871.57404:95,255.207937500001,404.980875,403.643249999993,497.160687499989,96.2562500000001,92.4149999999986,229.9649375,55.0299374999979,66411.6431250008,57823.1480625003,83633.4651249995,56552.9055000006,53107.0915,74761.0943750003,61311.5443749995,48613.9929375004,61378.1787499998,59678.4015625001,57856.8501249998,63143.4792499995,55.7684374999996,572.760624999997,752.50274999999,195.802437499996,91.9885624999977,295.065125,1082.8486875,908.8301875,293.924750000002,1424.00293750001,189.874562500001,510.126499999998,39693.6472500001,38946.9804374998,30740.4859999997,28163.6336875,33589.7682499999,27104.3285625,29239.1735,31194.6942499999,27731.7196875001,31403.105875,33985.8485624997,25902.2025625,1263.30818750001,503.500312499992,434.960499999992,449.157687500002,110.379375000002,612.328375000002,161.960250000002,164.310312499999,494.451812500002,736.531124999998,585.182125000001,770.381187499996,24326.0492499999,26626.2386250001,24514.0341875,25380.2221250001,26189.8564999999,24931.9666250001,254.332359374997,69289.4187708335,61473.6971250003,57101.2386874999,60226.2436458331,460.343937499995,194.285374999998,761.867875000002,708.001333333336,36460.3712291665,29619.2435,29388.5291458333,30430.3856666666,733.922999999997,390.621812500002,273.574125000001,697.364812499998,25328.06121875,167.108004054034,13143.6034335145,11635.4889364449,7350.24593810619,2685.55582469006,361.715094065845,101.54678068839,414.48605014118,640.417089672864,4967.61442830994,3479.12804158377,1736.31176256941,4128.67673911421,459.740072250286,256.043035731812,191.289297465774,98.6162928417764,922.413721206018
6938,11.787,870.89014,TG 49:0|TG 16:0_16:0_17:0 (M+32),[M+H-H2O]+,null,0.32,True,15.770,870.90009,C59H117NO3,Cer_NS,JVQPVKVLYCRZAT-UHFFFAOYSA-N,O=C(NC(CO)C(O)C=CCCCCCCCCCCCCCCCCC)CCCCCCCCCCCCCCCCCCCCCCCCCCCCCCCCCCCC,530,False,True,False,Normalized unit: Intensity; Annotation method: Msp20230821112155_conventional_converted_dev_1; Tag: Confirmed,False,False,6938,0,0.00,0.92,0.01,0.09,0.18,6.00,0.33,0.78,25.63,Lenti-C_13C_Time 0_Expt I_10-4-2023_B-B4_14023,870.89221:5848 870.99652:356 871.05286:276 871.08447:504 871.11206:310 871.15607:156 871.18262:98 871.23608:118 871.29700:72 871.32367:206 871.36200:158 871.38635:88 871.44824:100 871.49933:336 871.58197:1772 871.70642:474 871.76526:620 871.86511:748 871.89960:1560 872.08240:1396 872.15472:174 872.20520:124 872.23505:230 872.28229:224 872.31604:116 872.36609:158 872.43518:178 872.48114:78 872.50635:124 872.57196:688 872.60138:678 872.73059:364 872.79004:530 872.85059:248 872.90344:850 872.93195:754 872.99518:132,117.12777:28 133.08524:31 149.13571:55 163.62286:17 181.09459:35 196.31308:17 205.11047:43 220.49756:17 226.95229:33 239.23636:45 253.25249:37 290.92538:40 312.25659:64 326.84039:44 338.34448:28 350.25842:28 371.14359:40 391.80972:26 412.20715:20 426.16913:53 439.42499:41 482.72217:32 527.45593:17 553.46210:96 581.57788:146 593.57312:44 598.62555:45 617.56476:48 630.77533:53 668.86157:40 686.43518:29 736.10614:46 770.05536:47 787.88239:37 816.00751:32 829.04248:41 840.59589:32 862.59717:36 870.04211:120 870.89252:163 871.57880:132 871.91931:148 875.85437:79,79.6683125000023,484.999999999989,435.189437500001,79.6641250000006,153.294999999997,195.7080625,170.537937500001,20.0174999999996,30410.6728125,27434.1909375,35159.3954375,21389.5068125,21198.4428749999,28802.6664375001,24032.981125,21145.8862500001,21476.7326250001,21598.9630625001,17719.0378124999,24005.3536874999,102.627437499995,492.127687499998,161.430937499999,158.469562500004,185.1305,200.513499999998,147.984750000001,136.770062500001,284.403687500005,554.772187499996,512.257250000003,288.022562500002,9715.83649999998,12865.3277499999,12184.265125,7663.07325,10802.6820625,11350.4091875,7370.72881249999,7579.91287499997,7206.01243750005,7193.52987500003,10102.43825,3515.76643750001,79.8069374999999,194.607062499999,30.9837500000007,112.891749999998,61.9625625000001,105.783437499998,171.172437499999,162.186125000002,298.333875000006,233.345624999999,144.2750625,422.870250000002,8798.33562499998,9308.02818749994,8729.28925000001,9461.76300000005,9527.04018749999,10014.1428125,202.385046874999,31001.4197291667,23796.8720416667,22218.5333333334,21107.7848541667,252.062020833331,181.371187500001,189.719500000002,451.684,11588.4764583333,9938.7215,7385.551375,6937.2448541667,101.79925,93.5459166666652,210.564145833336,266.8303125,9306.43317708333,169.417275614685,3896.33578909316,4336.19758625817,1580.04127239625,3171.81081471224,209.971679369257,21.2725760776719,82.190412006708,143.32019945242,1657.1200574952,1989.70662891825,187.390409466329,3300.80640152119,83.9993658023157,27.5819365158099,76.1434992076137,142.28400418624,482.681782141064
6970,10.969,872.76831,TG 52:4|TG 16:0_16:0_20:4,[M+NH4]+,null,0.45,True,14.290,872.77020,C55H98O6,TG,GTEUKLVYQXBQGG-UHFFFAOYSA-N,O=C(OCC(OC(=O)CCCCCCCCCCCCCCC)COC(=O)CCCCCCCCCCCCCCC)CCCCCCC=CCC=CCC=CCC=CCC,410,False,True,True,Normalized unit: NormalizedByInternalStandardPeakHeight; Annotation method: Msp20230821112155_conventional_converted_dev_1; Tag: Confirmed,False,False,6970,0,0.00,1.00,0.11,0.15,0.52,4.00,1.75,1.90,26.63,Lenti-C_Time 0_Expt III_10-5-2023_B-E9_14028,872.76886:6124 872.83765:252 872.86298:142 872.89520:96 872.92529:188 872.96533:150 873.00244:356 873.04773:246 873.08600:522 873.22388:200 873.31549:100 873.35840:154 873.38983:226 873.46204:160 873.51355:234 873.57776:510 873.67615:102 873.77252:4380 873.88782:240 873.93188:122 873.96429:130 874.04901:116 874.10681:142 874.13269:292 874.15570:154 874.21918:118 874.32379:226 874.39062:230 874.44861:108 874.50031:122 874.55804:170 874.59515:224 874.63080:224 874.66748:116 874.77808:1894 874.81970:204 874.85461:250,117.09178:61 123.11747:44 134.24031:17 141.12627:57 168.80748:17 177.16660:32 189.16743:57 204.18210:92 242.17818:17 259.23776:38 268.01718:17 288.17688:94 313.27496:73 347.15237:44 365.10242:35 388.94131:17 427.00339:29 436.91290:33 459.70563:32 473.85385:34 481.65128:53 502.27155:41 551.48438:56 574.84058:46 599.51184:65 627.55615:21 672.69684:27 684.93939:49 690.17957:17 699.01056:41 733.57471:35 768.80377:33 790.76819:17 826.77112:40 864.58820:42 870.60559:81 872.76196:179,5695.52037302266,6445.72054617511,3906.51646104657,5365.01789958739,6427.08799538218,12284.8013524928,4529.27480043871,3652.03108811507,3232.704374507,5453.1456422368,7915.44442138231,3757.34732527711,5996.12355331541,6610.00055548152,2609.21145182753,6724.8082205832,8183.99770187919,4448.82699805725,3063.91488829645,7953.97474036753,29949.2054797453,31295.0662872471,33438.5364370117,25724.116888147,24549.4446939865,28639.606341151,27068.1373916394,22662.8663501181,22899.0540984237,27529.0084759552,19456.2342186201,22299.9013888415,1076.35345883068,8991.19475825788,7686.87421384163,9665.33268472522,5951.04714468649,3425.93060185502,5367.22691917904,3782.32821354341,3424.04968473801,2961.50705327021,2674.32461412725,3900.11187538812,25009.6665341152,34399.5851896583,29273.9127450145,19532.7148493817,23672.362996123,24232.4004250888,22451.5753140064,27723.471665606,22518.0747827397,21128.1004316336,23796.7521488572,19780.5744856025,18895.3413973439,18138.9005431806,17334.4139170392,19387.6736052089,19845.075409665,17008.5128450153,6038.24631453256,5533.7648127087,5454.49047802468,5839.3391247633,5155.57220890708,31560.9360680014,26304.3893077615,24210.0192800604,23095.0480278056,5918.14081031006,6347.43681042224,4191.20160582015,3178.64784759519,29561.0548229293,22479.1594235312,24231.0405874507,21568.4756886978,18434.9862862422,2736.59514254836,2342.4107612966,1501.47674112375,2890.95175905451,2520.4737518974,1759.79336502136,2105.91847793493,2478.01846601562,4094.70568973702,4243.52348742833,3138.5312111333,1034.10228183502,641.093749686754,4701.54028155786,2567.01425821162,3024.71679196322,2043.9834957705,1135.04573279281
6974,11.548,872.92914,TG 48:0|TG 16:0_16:0_16:0 (M+48),[M+H-H2O]+,null,0.48,True,15.860,872.91571,C59H119NO3,Cer_NDS,KXRSXWQNSUHMIX-UHFFFAOYSA-N,O=C(NC(CO)C(O)CCCCCCCCCCCCCCCCCC)CCCCCCCCCCCCCCCCCCCCCCCCCCCCCCCCCCCCC,530,False,True,False,Normalized unit: Intensity; Annotation method: Msp20230821112155_conventional_converted_dev_1; Tag: Confirmed,False,False,6974,0,0.00,0.78,0.01,0.19,0.13,6.00,0.17,0.60,1253.85,Lenti-C_13C_Time 0_Expt III_10-4-2023_B-C3_14013,872.92786:504100 873.09619:960 873.16565:620 873.21484:444 873.24817:414 873.28265:546 873.37042:380 873.42706:452 873.52008:310 873.56134:404 873.58765:402 873.60718:400 873.67682:290 873.70117:298 873.75293:464 873.78088:686 873.80640:1446 873.83966:586 873.87067:542 873.93201:26184 874.04266:160 874.08514:448 874.17194:206 874.23663:156 874.28119:220 874.31165:168 874.35400:220 874.39038:178 874.43066:158 874.50757:180 874.54669:212 874.58600:82 874.62653:128 874.65649:152 874.67969:150 874.72626:272 874.78778:696 874.85229:428 874.88214:400 874.93317:6798,132.14749:226 147.16486:158 162.18288:164 177.20242:41 255.29045:507 270.03906:61 291.31860:41 329.32538:264 375.43964:17 463.40805:17 535.89410:38 577.51624:46 582.60162:273 583.23639:42 583.60931:4650 584.61292:141 585.65259:83 603.53363:88 871.57898:126 871.92365:150 872.92944:1036 877.88696:145,602.916124999996,280.8875,355.248187499995,402.197187499996,752.295999999988,139.109750000001,147.2065,701.179750000006,1790406.42650001,1460526.034625,2104854.88181251,1208944.4248125,921344.924187503,1404847.6280625,1119211.6205625,980525.867937499,944310.106999992,886952.858812502,762701.280187501,886574.208624999,456.788749999997,231.096687499997,1075.96743750001,312.952749999996,347.207875000007,1117.076875,389.165749999998,618.788687500004,610.790374999992,363.836812500001,747.837499999999,674.525249999992,1077790.2986875,1220228.3494375,894890.949437498,666945.221375,774044.737312496,564288.952437497,495720.940000001,582925.100500001,454976.448125002,431576.987625004,470500.869874999,320807.042249999,595.707874999991,671.119687499992,468.019499999996,623.036125000005,484.868812499999,503.754937500004,135.586749999996,105.375625000004,746.257187500002,1203.32793750001,1164.54306250001,1012.8263125,472902.400937501,493127.387499999,489980.566812494,506244.480374997,501116.652750002,493821.480687502,422.630124999998,1785262.44764584,1178378.99235416,1014682.53183333,845409.449208334,587.950958333335,592.4125,539.581604166665,595.399854166664,1064303.1991875,668426.303708331,511207.496208335,407628.299916667,578.28235416666,537.219958333336,329.073187500001,1126.89910416667,492865.494843749,239.064636492625,322195.22221525,243196.217918023,92318.1625032861,71627.6256836365,437.440612795102,454.695374061354,130.325324243709,203.862093581552,163087.499059195,104885.735568714,65365.0478355213,77667.3370180115,102.665272233935,74.9165020232531,361.607584835333,100.675309689923,11444.7305375995
7056,11.990,878.81635,TG 52:1|TG 16:0_18:0_18:1,[M+NH4]+,null,1.00,True,14.910,878.81708,C55H104O6,TG,NPCZZYKITFKRQZ-UHFFFAOYSA-N,O=C(OCC(OC(=O)CCCCCCCCCCCCCCCCC)COC(=O)CCCCCCCCCCCCCCC)CCCCCCCC=CCCCCCCCC,410,False,True,True,Normalized unit: NormalizedByInternalStandardPeakHeight; Annotation method: Msp20230821112155_conventional_converted_dev_1; Tag: Confirmed,False,False,7056,0,0.00,1.00,0.53,0.61,0.79,5.00,1.80,2.24,115.73,Lenti-SC_Time 0_Expt III_10-4-2023_B-D6_14010,878.81665:56102 878.95972:134 878.99023:192 879.02057:162 879.07074:212 879.10205:270 879.16956:150 879.21259:156 879.26599:80 879.29761:132 879.33612:132 879.40247:298 879.49805:116 879.53290:82 879.59357:1234 879.67761:58 879.70563:126 879.74554:322 879.81891:41760 879.91895:264 879.94373:246 879.97015:132 879.99939:230 880.05743:154 880.09192:2242 880.13678:292 880.16705:118 880.21332:148 880.27979:56 880.35498:282 880.38739:120 880.43457:100 880.59283:820 880.67316:76 880.73682:608 880.82257:17432 880.91559:364,135.11578:147 149.13052:51 194.20758:51 239.23679:75 248.24994:52 267.26886:81 309.29108:30 350.26648:60 450.75885:45 577.52026:259 579.53705:227 605.55054:357 817.29163:24 878.81879:295 882.05634:108,55041.5977494262,50571.3484974368,50265.3149332501,51231.3166696334,50720.9705257046,45701.7179700129,43592.86489209,50561.2313787048,49025.2594443283,54473.761189094,50100.6916825892,48731.1860766504,53810.4119694693,51025.4804540121,51539.0485708378,64983.9141903272,55034.1831904974,46554.0335378695,57885.3487334452,55633.0531900967,133856.15916967,155447.54973914,170211.532025913,100864.228594875,141626.258430974,171526.682004481,162736.863704588,141927.108029519,161340.822826135,144820.401315748,127582.6133389,136761.311494015,35640.355846438,49236.6252823588,38424.3013542051,40756.3431587998,44406.5658969134,34606.9373651111,45453.4268584291,42581.3229732405,36837.3733838725,46743.0551441351,42623.989047595,40263.5290466563,167314.019287967,265666.482242556,181976.421005763,128448.15388069,179055.31379031,148793.17215654,139947.325245959,207878.387858667,132692.926019694,154101.577197017,181577.081843102,132385.180053407,105739.487390579,105971.944183819,104144.070526135,103275.83731171,105126.220398141,101696.006376562,49710.7953270324,51199.9041053372,51189.0261667106,57185.7153172208,53357.4784871371,153171.746978241,138005.72301011,155334.931520081,136388.108716221,41100.427494334,39923.2821402748,41624.0410718474,43210.1910794621,204985.640845429,152098.879942514,160172.879708107,156021.279697842,104325.594364491,3525.88292577771,2885.78304423972,2543.55937962475,6975.88136014182,5998.61285523025,18284.2211355585,35470.0829998532,11632.4774059152,8624.95181544231,7182.33067896134,4952.64301517564,4387.07030353465,3279.29706318304,53060.0592774919,25465.0139702327,41473.1022225356,24652.0738212934,1637.08503276977
7116,11.543,882.88287,TG 50:1|TG 16:0_16:0_18:1 (M+32),[M+H-H2O]+,null,0.60,True,15.610,882.90009,C60H117NO3,Cer_NS,GHWDGUVMPGRIEM-UHFFFAOYSA-N,O=C(NC(CO)C(O)C=CCCCCCCCCCCCCCCCCCCCCCCCCC)CCCCCCCCCCCCCCCCCCCC=CCCCCCCCC,530,False,True,False,Normalized unit: Intensity; Annotation method: Msp20230821112155_conventional_converted_dev_1; Tag: Confirmed,False,False,7116,0,0.00,0.92,0.01,0.22,0.11,5.00,0.20,0.69,198.48,QC1_10-4-2023_B-F5_13982,882.89294:18732 882.95966:746 883.05426:150 883.13348:98 883.17273:172 883.21704:184 883.23901:136 883.29553:84 883.32196:82 883.35345:82 883.37738:128 883.41101:100 883.54608:140 883.58325:182 883.65515:146 883.70465:182 883.76086:1326 883.82861:468 883.89551:6966 884.00470:304 884.06812:72 884.12762:92 884.20496:96 884.28650:166 884.33264:80 884.38544:98 884.45135:70 884.51654:306 884.59906:196 884.63452:92 884.72211:214 884.76660:502 884.80304:486 884.89923:1768 884.97784:100,155.10194:30 168.65552:17 206.73219:24 222.08971:40 237.28073:65 255.28842:63 283.31281:42 303.56943:17 339.28421:58 395.80475:29 436.87277:17 500.81857:37 593.57153:411 626.53937:29 685.43677:39 734.23621:35 755.81781:46 809.79535:43 881.75763:267 882.89050:253 887.60645:76,23296.6866874999,29951.8057500002,25912.1618125002,28616.7028749996,27531.0445000003,27916.7199375002,32009.7707500001,28438.5604374998,270736.74825,273832.03675,411578.352687501,163496.4695625,185078.191,307049.977562499,182915.5590625,173381.7109375,227828.728937498,154659.80025,176633.681875,221968.5865,2037.49012500002,887.082499999994,2304.40100000003,513.1243125,403.920624999999,329.643937500005,522.485999999998,219.670812500001,144.634749999995,928.188374999986,280.803124999999,309.970624999987,241817.644812499,390055.213750001,271598.3524375,170322.9203125,266307.579437499,203705.045562499,142263.5091875,247387.1015,193703.4784375,135513.739375001,217125.450625,153814.852375,5017.41399999998,4097.48681250003,193.514749999998,726.196812500004,307.573124999996,827.255874999985,1442.26387499998,1011.92318749999,601.432625000003,1766.42312500002,78.4025625000016,674.283937500012,111132.748375,118727.8055625,119677.123874999,125283.331124999,123236.1801875,126902.699937501,27959.18159375,318715.712562501,218541.546041666,194708.666312499,184420.689541667,1742.99120833335,415.562958333334,295.597187499998,506.320708333324,301157.070333333,213445.181770833,194451.363041667,168818.014125,3102.8051875,620.341937499995,1018.53989583332,839.703208333345,120826.648177083,2595.44146949076,80436.2956069183,77406.3919373581,29076.2355924997,34323.4073616328,753.156784175095,92.2925779606251,200.041252238435,365.639073265075,78414.8108705188,48727.9836116088,52565.7865318026,42824.5140096277,2561.16080027634,275.538529216585,420.454674567911,856.081775432695,5697.09596579597
7141,11.988,884.90637,TG 50:0|TG 16:0_16:0_18:0 (M+32),[M+H-H2O]+,null,0.48,True,15.840,884.91571,C60H119NO3,Cer_NS,XSIHAGLMIZTLJJ-UHFFFAOYSA-N,O=C(NC(CO)C(O)C=CCCCCCCCCCCCCCCCCC)CCCCCCCCCCCCCCCCCCCCCCCCCCCCCCCCCCCCC,530,False,True,False,Normalized unit: Intensity; Annotation method: Msp20230821112155_conventional_converted_dev_1; Tag: Confirmed,False,False,7141,0,0.00,0.89,0.01,0.30,0.13,6.00,0.17,0.67,395.48,Lenti-SC_13C_Time 2_Expt III_10-5-2023_B-B2_14031,884.90704:41728 885.01721:166 885.04944:340 885.09241:232 885.11353:266 885.16840:158 885.33575:76 885.42761:204 885.50293:274 885.58459:296 885.62061:252 885.65552:174 885.68469:250 885.77576:844 885.85333:340 885.91101:9650 886.02557:122 886.06085:126 886.10229:140 886.13281:136 886.22687:58 886.25061:262 886.28522:104 886.31506:126 886.33502:156 886.39441:88 886.47693:116 886.51483:68 886.54810:58 886.60352:374 886.78693:382 886.91278:4216 886.98309:62 887.01520:94,132.14821:39 137.13158:23 181.23360:42 192.22432:44 242.24858:38 256.26297:56 283.21301:36 321.17972:49 567.55609:131 583.60913:160 595.58728:375 611.64136:108 650.62848:28 704.11096:40 719.45490:39 741.32458:27 814.07159:20 884.90887:314,116.782499999991,245.7764375,38.9308749999994,288.6668125,626.845812500006,166.554187499999,229.108937500003,311.093624999991,391463.735875004,337420.688125002,451300.593937497,337054.045375003,272439.458125,366676.376875001,320590.769499997,251694.693312502,292072.266374999,291566.565562501,251375.643249999,286924.798624998,98.5170624999997,141.3238125,466.648687499999,162.874687499995,92.3281249999981,278.680062499998,237.655874999998,529.117187500001,581.935250000004,180.019125000004,571.422812499997,108.120874999998,221449.409000001,229923.597499999,181016.926687498,167657.8711875,176777.1346875,140339.6144375,141672.9416875,158461.980437499,128906.4105625,143013.448125,139664.253062499,108597.376125,514.228812499999,148.2350625,32.0939999999992,336.490250000003,322.126062500001,703.927000000003,97.3086250000012,493.262687499997,297.449625000006,260.672437500003,376.062999999995,515.090687500001,122465.957,131420.187375,127823.55325,128257.1215625,131144.525125,130350.418687501,252.969898437499,393395.005979168,325389.960125001,288119.243062499,276622.335812499,235.496520833333,177.96095833333,449.569437500001,286.5209375,210796.644395833,161591.540104166,143013.7775625,130425.025770833,231.519291666666,454.181104166669,296.006979166668,383.942041666666,128576.9605,176.021229994071,56964.5116728578,48189.0794414364,34617.7284565317,21987.1124544487,201.324607481081,94.0875009140085,185.412932154544,249.337418716388,26135.7352637043,18961.1049282933,14823.3366112947,18977.3284128085,251.626094586823,216.405503245249,197.980973385861,127.391997222958,3341.72902301781
7292,11.983,894.87000,TG 52:1|TG 16:0_18:0_18:1 (M+16),[M+NH4]+,null,0.48,True,16.610,894.88483,C57H112O5,EtherTG,AUIBEDANCMOQDZ-UHFFFAOYSA-N,O=C(OCC(OC(=O)CCCCCCCCCCCCCCCCC)COCCCCCCCCCCCCCCCCCCCC)CCCCCCCCCCCCCCC,410,False,True,True,Normalized unit: Intensity; Annotation method: Msp20230821112155_conventional_converted_dev_1; Tag: Confirmed,False,False,7292,0,0.00,0.72,0.22,0.27,0.66,5.00,1.80,1.91,76.32,Lenti-SC_13C_Time 3_Expt II_10-4-2023_B-A8_13999,894.87024:12582 894.97656:120 895.02875:186 895.10577:566 895.19574:94 895.23364:106 895.29474:82 895.37451:104 895.44409:84 895.47174:130 895.51715:140 895.57050:172 895.60492:328 895.64972:124 895.71564:338 895.77039:446 895.87463:6946 895.96069:276 895.98987:210 896.03815:60 896.11102:86 896.14447:154 896.22931:90 896.36053:170 896.40295:118 896.46295:78 896.48920:98 896.52130:70 896.57379:196 896.61499:164 896.63647:146 896.72742:100 896.77417:424 896.87506:2794 896.96680:200,127.14808:46 131.07611:55 141.40312:20 150.13470:35 169.78867:17 233.17175:29 238.80777:18 248.24478:36 255.00020:42 265.24536:19 281.34192:38 304.14566:39 341.33365:41 355.15704:28 398.23889:55 502.16922:52 554.45258:39 579.54352:76 593.57404:148 596.59100:148 605.56738:137 621.61633:56 699.71747:17 740.84705:25 795.67847:30 857.68665:33 894.88593:176 896.87500:72,312.625499999998,241.045874999995,384.598562500003,894.270437500004,143.23575,360.892187499999,269.972062499997,384.490437499993,62000.0930000006,61655.5131250003,86949.1226249997,42853.4751250003,47669.846625,71878.3945000001,47579.1984374998,43039.1536250003,64117.5042499998,42579.7769375001,50438.2620624999,63159.4829374996,336.708000000004,690.126312500013,333.889374999999,383.352249999989,1050.26731249998,444.333624999995,635.724749999996,693.393187499991,328.303000000001,273.030500000002,414.570749999988,332.704124999999,44951.9111250001,69756.1186249996,47498.1886249996,32268.2789375,46576.4515625,37375.225,31891.922125,54948.5258749999,41251.6214375001,41158.4525624999,53746.5338124997,43400.8346874999,524.066062499999,719.70856250002,2284.27400000002,451.304687500001,577.378500000008,576.474437500004,424.846000000005,194.508312500002,895.990312499994,554.958124999985,747.356062500014,740.180312499996,25279.8988749999,29840.2364375001,28385.7838750001,29689.6910000001,29781.02725,27804.4708125001,373.891351562499,70201.5762500002,54133.9054166668,51578.6187708333,52059.1739791665,453.574562500005,625.984395833321,552.473645833329,340.101791666663,54068.7394583331,38739.9851666667,42697.3564791666,46101.9403541665,1176.01620833335,535.052541666671,505.114875,680.831499999998,28463.5180416667,225.703030778581,14504.8238875773,15554.7268773162,11093.7251867718,10385.1620759042,204.86467236391,368.702694668208,196.26709100336,71.059515172832,13645.1926009061,7251.06052250911,11596.0922934907,6714.67990719012,964.751520622788,72.5291778554834,357.563376621992,109.068569017092,1772.59702293131
7436,10.968,904.87549,TG 52:4|TG 16:0_16:0_20:4 (M+32),[M+NH4]+,null,0.48,True,14.220,904.86920,C58H113NO5,Cer_AP,YAEFWSRBBSQQPA-UHFFFAOYSA-N,O=C(NC(CO)C(O)C(O)CCCC=CCCCCCCCCCCC)C(O)CCCCCCCCCCCCCCCCCCCCCCCCC=CCCCCCCCCCC,530,False,True,False,Normalized unit: Intensity; Annotation method: Msp20230821112155_conventional_converted_dev_1; Tag: Confirmed,False,False,7436,0,0.00,0.95,null,null,null,8.00,null,0.48,16.57,Lenti-C_13C_Time 0_Expt III_10-4-2023_B-C3_14013,904.87592:4830 904.96509:190 905.00055:102 905.02911:398 905.06329:118 905.09943:208 905.12836:294 905.16614:228 905.28070:396 905.31360:116 905.34497:154 905.39929:150 905.49738:216 905.55609:238 905.59729:116 905.62177:140 905.66229:194 905.71423:304 905.74628:400 905.78827:362 905.83197:516 905.87488:1306 905.97772:158 906.04419:102 906.09271:86 906.15271:102 906.28308:194 906.36658:76 906.44379:288 906.48712:126 906.54950:338 906.57709:150 906.62897:396 906.69092:94 906.72119:126 906.78790:638 906.82697:490 906.88611:274 906.93848:160,139.13834:39 152.28276:17 171.00201:46 177.16089:40 186.01492:42 226.94925:68 242.94078:28 284.29794:18 306.89624:55 332.70999:70 341.06345:25 356.76532:22 373.23230:57 414.71326:35 424.04944:24 497.22409:48 583.60010:70 623.51575:43 637.77588:34 686.42828:35 717.78400:47 752.53485:44 786.53607:35 838.70691:52 852.78400:73 903.74261:110 908.36438:57,93.0358125000012,93.948000000001,495.121125,164.344499999999,218.830874999994,122.400312500003,243.734062500006,424.0135,18198.8707499999,17124.0590624999,22131.470625,10977.0958750001,10315.1015625001,13655.8413125,11555.8119375,10959.4565,11119.027625,9068.32537500003,10016.64225,11078.1894375,150.159562499999,158.650312499999,50.4680000000003,120.627499999991,341.904375000005,110.071124999999,55.6920000000008,377.465187500002,279.709562500005,409.630750000002,424.729437500002,195.144312500001,15387.835,16696.57925,15534.0797499999,9721.53775000001,10797.6203125,9881.95681250005,3985.26349999994,9747.02137500001,9119.27618749997,6543.814625,4930.75849999996,5487.6776875,108.262562500001,330.892687499997,371.071249999984,478.483937500001,94.2802499999977,52.7581249999995,131.955312500001,155.495999999997,346.268812500004,127.261875000006,139.760000000001,409.008624999999,6635.53574999998,6281.45437500005,7824.05931249999,6499.49743749998,7334.16050000001,6589.20243749996,231.928523437501,19151.4668124999,11649.3462500001,11211.4320208333,10054.3856875,119.759291666666,190.867666666665,237.622250000003,343.168166666668,15872.8313333333,10133.7049583334,7617.18702083331,5654.08360416665,270.075499999994,208.507437499999,211.240041666667,225.343500000002,6860.65163541666,151.832493275708,2636.11875354336,1768.91942844303,308.72946285693,1005.46348155363,60.1580047418198,130.908077334491,164.963639792478,128.4145188163,717.124364657305,580.535327974969,3160.95987810575,819.301966570501,141.566766149135,234.726446380285,117.529220649864,159.181372616513,590.360677410957
