"","Lenti-C_3 hour_Expt I","Lenti-C_3 hour_Expt II","Lenti-C_3 hour_Expt III","Lenti-C_13C_1 hour_Expt I","Lenti-C_13C_1 hour_Expt II","Lenti-C_13C_1 hour_Expt III","Lenti-SC_3 hour_Expt I","Lenti-SC_3 hour_Expt II","Lenti-SC_3 hour_Expt III","Lenti-SC_13C_1 hour_Expt I","Lenti-SC_13C_1 hour_Expt II","Lenti-SC_13C_1 hour_Expt III"
"PEP_C0",0,0,0,0,0,0,0,-2.463e-05,0,0,0,0
"PEP_C1",0,0,0,0,0,0,0,0.00075943,6e-08,0,0,0
"PEP_C2",0,0,0,0,0,0,0,-3.099e-05,-5.41e-06,0,0,0
"PEP_C3",0,0,0,0,0,0,0,9.5e-07,0.00049994,0,0,0
