"","Lenti-C_3 hour_Expt I","Lenti-C_3 hour_Expt II","Lenti-C_3 hour_Expt III","Lenti-C_13C_1 hour_Expt I","Lenti-C_13C_1 hour_Expt II","Lenti-C_13C_1 hour_Expt III","Lenti-SC_3 hour_Expt I","Lenti-SC_3 hour_Expt II","Lenti-SC_3 hour_Expt III","Lenti-SC_13C_1 hour_Expt I","Lenti-SC_13C_1 hour_Expt II","Lenti-SC_13C_1 hour_Expt III"
"PEP_C0",0,0,0,0,0,0,0,-2.586e-05,0,0,0,0
"PEP_C1",0,0,0,0,0,0,0,Inf,2.73e-06,0,0,0
"PEP_C2",0,0,0,0,0,0,0,-0.00066711,-0.00011201,0,0,0
"PEP_C3",0,0,0,0,0,0,0,0.00051174,Inf,0,0,0
