"molecule_list","molecule","Lenti-C_3 hour_Expt I_10-22-2023_R-E4_145762","Lenti-C_3 hour_Expt II_10-22-2023_R-E5_145602","Lenti-C_3 hour_Expt III_10-22-2023_R-E6_145782","Lenti-C_13C_1 hour_Expt I_10-22-2023_R-C6_145482","Lenti-C_13C_1 hour_Expt II_10-22-2023_R-D3_145412","Lenti-C_13C_1 hour_Expt III_10-22-2023_R-D9_145842","Lenti-SC_3 hour_Expt I_10-22-2023_R-E1_145662","Lenti-SC_3 hour_Expt II_10-22-2023_R-E2_145702","Lenti-SC_3 hour_Expt III_10-22-2023_R-E3_145622","Lenti-SC_13C_1 hour_Expt I_10-22-2023_R-A6_145682","Lenti-SC_13C_1 hour_Expt II_10-22-2023_R-B3_145582","Lenti-SC_13C_1 hour_Expt III_10-22-2023_R-B9_145672"
"Fructose 6-phosphate","Fructose 6-phosphate(M+0)","7434","140144","143150","11918","5464","21446","40784","88488","48308","6528","13070","19862"
"Fructose 6-phosphate","Fructose 6-phosphate(M+1)","1166","8302","8978","630","782","1466","3054","5616","2762","444","1056","1834"
"Fructose 6-phosphate","Fructose 6-phosphate(M+2)","1536","3872","4054","980","744","1582","1300","2824","1570","236","870","1560"
"Fructose 6-phosphate","Fructose 6-phosphate(M+3)","238","862","682","502","268","1990","446","232","504","636","662","1050"
"Fructose 6-phosphate","Fructose 6-phosphate(M+4)","234","402","430","226","266","518","506","740","382","672","628","782"
"Fructose 6-phosphate","Fructose 6-phosphate(M+5)","78","0","50","306","418","328","314","112","0","60","870","436"
"Fructose 6-phosphate","Fructose 6-phosphate(M+6)","40","198","422","1526","1442","2014","282","56","82","2436","1932","3402"
