"molecule_list","molecule","Lenti-C_3 hour_Expt I_10-25-2023_R-E4_14792","Lenti-C_3 hour_Expt II_10-25-2023_R-E5_14776","Lenti-C_3 hour_Expt III_10-25-2023_R-E6_14794","Lenti-C_13C_1 hour_Expt I_10-24-2023_R-C6_14764","Lenti-C_13C_1 hour_Expt II_10-24-2023_R-D3_14757","Lenti-C_13C_1 hour_Expt III_10-25-2023_R-D9_14800","Lenti-SC_3 hour_Expt I_10-25-2023_R-E1_14782","Lenti-SC_3 hour_Expt II_10-25-2023_R-E2_14786","Lenti-SC_3 hour_Expt III_10-25-2023_R-E3_14778","Lenti-SC_13C_1 hour_Expt I_10-25-2023_R-A6_14784","Lenti-SC_13C_1 hour_Expt II_10-24-2023_R-B3_14774","Lenti-SC_13C_1 hour_Expt III_10-25-2023_R-B9_14783"
"Glucose 1-phosphate","Glucose 1-phosphate (M+0)",73003,63534,56289,6727,3632,21285,63781,97453,210907,65820,8832,8029
"Glucose 1-phosphate","Glucose 1-phosphate (M+1)",6291,3886,5205,717,625,2297,4632,7790,12316,5031,921,816
"Glucose 1-phosphate","Glucose 1-phosphate (M+2)",1556,1155,1187,147,209,767,1629,1547,3699,1048,366,423
"Glucose 1-phosphate","Glucose 1-phosphate (M+6)",305,287,173,6809,6535,8927,223,530,739,5439,5704,8618
