"molecule_list","molecule","Lenti-C_3 hour_Expt I_10-22-2023_R-E4_145762","Lenti-C_3 hour_Expt II_10-22-2023_R-E5_145602","Lenti-C_3 hour_Expt III_10-22-2023_R-E6_145782","Lenti-C_13C_1 hour_Expt I_10-22-2023_R-C6_145482","Lenti-C_13C_1 hour_Expt II_10-22-2023_R-D3_145412","Lenti-C_13C_1 hour_Expt III_10-22-2023_R-D9_145842","Lenti-SC_3 hour_Expt I_10-22-2023_R-E1_145662","Lenti-SC_3 hour_Expt II_10-22-2023_R-E2_145702","Lenti-SC_3 hour_Expt III_10-22-2023_R-E3_145622","Lenti-SC_13C_1 hour_Expt I_10-22-2023_R-A6_145682","Lenti-SC_13C_1 hour_Expt II_10-22-2023_R-B3_145582","Lenti-SC_13C_1 hour_Expt III_10-22-2023_R-B9_145672"
"sn-Glycerol 3-phosphate","sn-Glycerol 3-phosphate(M+0)","8260","15158","14420","9834","5984","11178","14204","20344","13920","6118","8982","8632"
"sn-Glycerol 3-phosphate","sn-Glycerol 3-phosphate(M+1)","366","1986","2096","1182","702","996","2722","2084","1248","612","700","890"
"sn-Glycerol 3-phosphate","sn-Glycerol 3-phosphate(M+2)","290","838","534","2050","914","1424","1562","1604","1108","1134","1696","1802"
"sn-Glycerol 3-phosphate","sn-Glycerol 3-phosphate(M+3)","0","450","258","1510","784","1086","154","316","0","1856","2192","2316"
