"molecule_list","molecule","Lenti-C_3 hour_Expt I_10-22-2023_R-E4_145762","Lenti-C_3 hour_Expt II_10-22-2023_R-E5_145602","Lenti-C_3 hour_Expt III_10-22-2023_R-E6_145782","Lenti-C_13C_1 hour_Expt I_10-22-2023_R-C6_145482","Lenti-C_13C_1 hour_Expt II_10-22-2023_R-D3_145412","Lenti-C_13C_1 hour_Expt III_10-22-2023_R-D9_145842","Lenti-SC_3 hour_Expt I_10-22-2023_R-E1_145662","Lenti-SC_3 hour_Expt II_10-22-2023_R-E2_145702","Lenti-SC_3 hour_Expt III_10-22-2023_R-E3_145622","Lenti-SC_13C_1 hour_Expt I_10-22-2023_R-A6_145682","Lenti-SC_13C_1 hour_Expt II_10-22-2023_R-B3_145582","Lenti-SC_13C_1 hour_Expt III_10-22-2023_R-B9_145672"
"Phosphoenolpyruvic acid","Phosphoenolpyruvic acid(M+0)","26582","44392","34134","12444","9922","9762","68092","91190","44586","19306","43512","23886"
"Phosphoenolpyruvic acid","Phosphoenolpyruvic acid(M+1)","1156","2072","2856","2394","856","1274","3982","3062","2582","1238","2802","2732"
"Phosphoenolpyruvic acid","Phosphoenolpyruvic acid(M+2)","2152","2990","3458","2630","2192","1774","3308","4412","2310","2882","2502","2938"
"Phosphoenolpyruvic acid","Phosphoenolpyruvic acid(M+3)","560","636","442","3462","4066","2596","192","220","0","7554","9214","4940"
