"molecule_list","molecule","Lenti-C_3 hour_Expt I_10-22-2023_R-E4_145762","Lenti-C_3 hour_Expt II_10-22-2023_R-E5_145602","Lenti-C_3 hour_Expt III_10-22-2023_R-E6_145782","Lenti-C_13C_1 hour_Expt I_10-22-2023_R-C6_145482","Lenti-C_13C_1 hour_Expt II_10-22-2023_R-D3_145412","Lenti-C_13C_1 hour_Expt III_10-22-2023_R-D9_145842","Lenti-SC_3 hour_Expt I_10-22-2023_R-E1_145662","Lenti-SC_3 hour_Expt II_10-22-2023_R-E2_145702","Lenti-SC_3 hour_Expt III_10-22-2023_R-E3_145622","Lenti-SC_13C_1 hour_Expt I_10-22-2023_R-A6_145682","Lenti-SC_13C_1 hour_Expt II_10-22-2023_R-B3_145582","Lenti-SC_13C_1 hour_Expt III_10-22-2023_R-B9_145672"
"Phosphoglyceric acid","Phosphoglyceric acid (M+0)","81744","285276","306140","50750","44834","65052","251108","365838","180232","29070","73012","54012"
"Phosphoglyceric acid","Phosphoglyceric acid(M+1)","3308","16728","14966","5616","4920","7842","13768","15490","8522","3398","6272","5240"
"Phosphoglyceric acid","Phosphoglyceric acid(M+2)","978","5634","6082","3292","3598","5126","5714","6414","3314","2796","6068","5332"
"Phosphoglyceric acid","Phosphoglyceric acid(M+3)","834","406","790","33220","29352","39590","904","960","548","33878","76000","64812"
