"molecule_list","molecule","Lenti-C_3 hour_Expt I_10-22-2023_R-E4_145762","Lenti-C_3 hour_Expt II_10-22-2023_R-E5_145602","Lenti-C_3 hour_Expt III_10-22-2023_R-E6_145782","Lenti-C_13C_1 hour_Expt I_10-22-2023_R-C6_145482","Lenti-C_13C_1 hour_Expt II_10-22-2023_R-D3_145412","Lenti-C_13C_1 hour_Expt III_10-22-2023_R-D9_145842","Lenti-SC_3 hour_Expt I_10-22-2023_R-E1_145662","Lenti-SC_3 hour_Expt II_10-22-2023_R-E2_145702","Lenti-SC_3 hour_Expt III_10-22-2023_R-E3_145622","Lenti-SC_13C_1 hour_Expt I_10-22-2023_R-A6_145682","Lenti-SC_13C_1 hour_Expt II_10-22-2023_R-B3_145582","Lenti-SC_13C_1 hour_Expt III_10-22-2023_R-B9_145672"
"Ribose 5-phosphate","Ribose 5-phosphate(M+0)","16464","42426","63286","6986","7922","12790","34656","34520","24740","6018","8014","8104"
"Ribose 5-phosphate","Ribose 5-phosphate(M+1)","1930","7110","9548","2942","2158","3626","3738","6436","5178","2372","4928","4588"
"Ribose 5-phosphate","Ribose 5-phosphate(M+2)","1350","2254","2510","1352","1138","2760","1760","2034","1544","1264","1978","1792"
"Ribose 5-phosphate","Ribose 5-phosphate(M+3)","188","404","652","928","986","1268","412","558","132","844","996","1072"
"Ribose 5-phosphate","Ribose 5-phosphate(M+4)","286","558","602","232","598","710","336","416","166","282","900","334"
"Ribose 5-phosphate","Ribose 5-phosphate(M+5)","20","54","260","4138","4450","5246","0","134","16","3454","8490","8098"
